Home Pack weight (average),Home Forwards average age,Home Backs average age,Home Tallest player,Home Differents nationalities for starters,Home Differents nationalities for all the team,Home team,Away Pack weight (average),Away Forwards average age,Away Backs average age,Away Tallest player,Away Differents nationalities for starters,Away Differents nationalities for all the team,Away team,meta,home_n_tries,minutes_of_home_tries,away_n_tries,minutes_of_away_tries,home_n_pen_kicks,minutes_of_home_pen_kicks,away_n_pen_kicks,minutes_of_away_pen_kicks,home_n_conversions,minutes_of_home_conversions,away_n_conversions,minutes_of_away_conversions,match_result
930 kg (116.25 kg),28 ans,26 ans,205 cm,Scotland : 67% (10/15) New Zealand : 13% (2/15) England : 7% (1/15) South Africa : 7% (1/15) Argentina : 7% (1/15),Scotland : 65% (15/23) South Africa : 9% (2/23) New Zealand : 9% (2/23) Argentina : 9% (2/23) England : 4% (1/23) Tonga : 4% (1/23),Glasgow,924 kg (115.50 kg),28 ans,24 ans,202 cm,England : 93% (14/15) Australia : 7% (1/15),England : 87% (20/23) Australia : 4% (1/23) Scotland : 4% (1/23) Fiji : 4% (1/23),Northampton," Date :  Friday, December 8, 2023 Kick Off : 21:00 Venue : Scotstoun Stadium Tournament : Champions Cup Round : pool stage  All times shown are french time,refresh to see your local time. ",2,67_3,3,12_19_29,0,,3,15_46_57,0,,2,13_29,19 - 28
916 kg (114.50 kg),27 ans,26 ans,201 cm,Ireland : 53% (8/15) Australia : 20% (3/15) New Zealand : 20% (3/15) England : 7% (1/15),Ireland : 65% (15/23) Australia : 17% (4/23) New Zealand : 13% (3/23) England : 4% (1/23),Connacht,908 kg (113.50 kg),28 ans,28 ans,204 cm,France : 73% (11/15) Australia : 13% (2/15) Argentina : 7% (1/15) Tonga : 7% (1/15),France : 74% (17/23) Australia : 9% (2/23) Argentina : 4% (1/23) Tonga : 4% (1/23) New Zealand : 4% (1/23) South Africa : 4% (1/23),Bordeaux," Date :  Friday, December 8, 2023 Kick Off : 21:00 Venue : The Sportsground Tournament : Champions Cup Round : pool stage  All times shown are french time,refresh to see your local time. ",1,15,5,42_77_23_8_53,0,,1,63,0,,3,9_42_79,5 - 41
911 kg (113.88 kg),28 ans,27 ans,202 cm,France : 60% (9/15) England : 13% (2/15) Georgia : 7% (1/15) Samoa : 7% (1/15) Argentina : 7% (1/15) Fiji : 7% (1/15),France : 57% (13/23) England : 9% (2/23) South Africa : 9% (2/23) Georgia : 4% (1/23) Samoa : 4% (1/23) Argentina : 4% (1/23) Fiji : 4% (1/23) Cameroon : 4% (1/23) Tonga : 4% (1/23),Toulon,932 kg (116.50 kg),25 ans,25 ans,201 cm,England : 53% (8/15) Wales : 20% (3/15) Australia : 7% (1/15) Fiji : 7% (1/15) New Zealand : 7% (1/15) South Africa : 7% (1/15),England : 57% (13/23) Wales : 13% (3/23) South Africa : 9% (2/23) Australia : 4% (1/23) Fiji : 4% (1/23) New Zealand : 4% (1/23) Georgia : 4% (1/23) Ireland : 4% (1/23),Exeter," Date :  Saturday, December 9, 2023 Kick Off : 14:00 Venue : Stade Mayol Tournament : Champions Cup Round : pool stage  All times shown are french time,refresh to see your local time. ",2,19_23,3,78_15_59,2,34_37,0,,1,20,2,61_80,18 - 19
955 kg (119.38 kg),27 ans,27 ans,208 cm,France : 67% (10/15) Australia : 13% (2/15) United-States : 7% (1/15) New Zealand : 7% (1/15) Scotland : 7% (1/15),France : 65% (15/23) Australia : 9% (2/23) Samoa : 9% (2/23) United-States : 4% (1/23) New Zealand : 4% (1/23) Scotland : 4% (1/23) Argentina : 4% (1/23),Toulouse,912 kg (114.00 kg),23 ans,26 ans,201 cm,Wales : 87% (13/15) South Africa : 7% (1/15) Tonga : 7% (1/15),Wales : 87% (20/23) South Africa : 4% (1/23) Tonga : 4% (1/23) England : 4% (1/23),Cardiff," Date :  Saturday, December 9, 2023 Kick Off : 16:15 Venue : Stade Ernest-Wallon Tournament : Champions Cup Round : pool stage  All times shown are french time,refresh to see your local time. ",7,8_37_45_4_25_80_69,1,23,1,18,0,,7,6_9_26_39_46_70_82,1,24,52 - 7
926 kg (115.75 kg),28 ans,28 ans,198 cm,England : 80% (12/15) Scotland : 13% (2/15) Fiji : 7% (1/15),England : 61% (14/23) South Africa : 22% (5/23) Scotland : 9% (2/23) Fiji : 4% (1/23) Ireland : 4% (1/23),Bath,923 kg (115.38 kg),28 ans,28 ans,198 cm,Ireland : 80% (12/15) South Africa : 7% (1/15) Zimbabwe : 7% (1/15) England : 7% (1/15),Ireland : 78% (18/23) South Africa : 9% (2/23) England : 9% (2/23) Zimbabwe : 4% (1/23),Ulster," Date :  Saturday, December 9, 2023 Kick Off : 16:15 Venue : Recreation Ground Tournament : Champions Cup Round : pool stage  All times shown are french time,refresh to see your local time. ",5,45_27_71_78_69,2,37_33,2,32_58,0,,3,46_70_80,2,34_37,37 - 14
903 kg (112.88 kg),27 ans,26 ans,206 cm,Ireland : 93% (14/15) New Zealand : 7% (1/15),Ireland : 96% (22/23) New Zealand : 4% (1/23),Munster,939 kg (117.38 kg),27 ans,27 ans,200 cm,France : 67% (10/15) Argentina : 13% (2/15) Tonga : 7% (1/15) Georgia : 7% (1/15) Fiji : 7% (1/15),France : 70% (16/23) Argentina : 9% (2/23) Georgia : 9% (2/23) Fiji : 9% (2/23) Tonga : 4% (1/23),Bayonne," Date :  Saturday, December 9, 2023 Kick Off : 18:30 Venue : Thomond Park Tournament : Champions Cup Round : pool stage  All times shown are french time,refresh to see your local time. ",2,20_9,2,75_46,1,54,1,4,2,10_20,2,47_76,17 - 17
901 kg (112.63 kg),26 ans,27 ans,200 cm,South Africa : 100% (15/15),South Africa : 100% (23/23),Bulls,936 kg (117.00 kg),28 ans,28 ans,196 cm,England : 67% (10/15) New Zealand : 13% (2/15) Argentina : 7% (1/15) Australia : 7% (1/15) South Africa : 7% (1/15),England : 65% (15/23) New Zealand : 9% (2/23) Argentina : 9% (2/23) Australia : 4% (1/23) South Africa : 4% (1/23) Samoa : 4% (1/23) Wales : 4% (1/23),Saracens," Date :  Saturday, December 9, 2023 Kick Off : 18:30 Venue : Loftus Versfeld Tournament : Champions Cup Round : pool stage  All times shown are french time,refresh to see your local time. ",3,38_2_47,2,61_71,2,10_20,2,5_22,3,3_39_48,0,,27 - 16
911 kg (113.88 kg),28 ans,27 ans,200 cm,England : 67% (10/15) Samoa : 7% (1/15) Scotland : 7% (1/15) Wales : 7% (1/15) South Africa : 7% (1/15) Fiji : 7% (1/15),England : 70% (16/23) Wales : 9% (2/23) Fiji : 9% (2/23) Samoa : 4% (1/23) Scotland : 4% (1/23) South Africa : 4% (1/23),Bristol,936 kg (117.00 kg),24 ans,26 ans,200 cm,France : 67% (10/15) England : 7% (1/15) New Zealand : 7% (1/15) Australia : 7% (1/15) Fiji : 7% (1/15) South Africa : 7% (1/15),France : 65% (15/23) Australia : 13% (3/23) New Zealand : 9% (2/23) England : 4% (1/23) Fiji : 4% (1/23) South Africa : 4% (1/23),Lyon," Date :  Saturday, December 9, 2023 Kick Off : 21:00 Venue : Ashton Gate Tournament : Champions Cup Round : pool stage  All times shown are french time,refresh to see your local time. ",5,29_22_47_3_53,6,9_64_76_6_57_69,0,,0,,4,4_23_30_48,1,64,36 - 34
909 kg (113.63 kg),28 ans,27 ans,207 cm,England : 73% (11/15) South Africa : 13% (2/15) Scotland : 7% (1/15) Samoa : 7% (1/15),England : 74% (17/23) South Africa : 13% (3/23) Scotland : 4% (1/23) Samoa : 4% (1/23) Argentina : 4% (1/23),Sale,918 kg (114.75 kg),26 ans,26 ans,200 cm,France : 73% (11/15) South Africa : 13% (2/15) Australia : 7% (1/15) Fiji : 7% (1/15),France : 70% (16/23) South Africa : 9% (2/23) Australia : 4% (1/23) Fiji : 4% (1/23) Georgia : 4% (1/23) Argentina : 4% (1/23) Tonga : 4% (1/23),Paris," Date :  Sunday, December 10, 2023 Kick Off : 14:00 Venue : Salford City Stadium Tournament : Champions Cup Round : pool stage  All times shown are french time,refresh to see your local time. ",3,62_73_52,1,25,3,13_39_49,0,,2,64_74,0,,28 - 5
928 kg (116.00 kg),28 ans,28 ans,201 cm,England : 40% (6/15) South Africa : 27% (4/15) Scotland : 13% (2/15) Argentina : 7% (1/15) Wales : 7% (1/15) Tonga : 7% (1/15),England : 48% (11/23) South Africa : 22% (5/23) Scotland : 9% (2/23) Ireland : 9% (2/23) Argentina : 4% (1/23) Wales : 4% (1/23) Tonga : 4% (1/23),Leicester,904 kg (113.00 kg),28 ans,26 ans,200 cm,South Africa : 93% (14/15) England : 7% (1/15),South Africa : 96% (22/23) England : 4% (1/23),Stormers," Date :  Sunday, December 10, 2023 Kick Off : 16:15 Venue : Mattioli Woods Welford Road Stadium Tournament : Champions Cup Round : pool stage  All times shown are french time,refresh to see your local time. ",4,64_13_46_81,2,28_39,3,5_41_57,3,11_61_68,3,14_48_65,2,29_41,35 - 26
934 kg (116.75 kg),28 ans,28 ans,203 cm,France : 60% (9/15) New Zealand : 20% (3/15) Fiji : 7% (1/15) Australia : 7% (1/15) South Africa : 7% (1/15),France : 65% (15/23) New Zealand : 13% (3/23) Fiji : 4% (1/23) Australia : 4% (1/23) South Africa : 4% (1/23) Argentina : 4% (1/23) Ireland : 4% (1/23),La Rochelle,923 kg (115.38 kg),26 ans,28 ans,201 cm,Ireland : 87% (13/15) Australia : 7% (1/15) New Zealand : 7% (1/15),Ireland : 83% (19/23) New Zealand : 9% (2/23) Australia : 4% (1/23) South Africa : 4% (1/23),Leinster," Date :  Sunday, December 10, 2023 Kick Off : 16:15 Venue : Stade Marcel-Deflandre Tournament : Champions Cup Round : pool stage  All times shown are french time,refresh to see your local time. ",0,,1,11,3,2_36_51,3,40_59_80,0,,1,12,9 - 16
885 kg (110.63 kg),27 ans,28 ans,196 cm,France : 60% (9/15) Georgia : 7% (1/15) South Africa : 7% (1/15) Argentina : 7% (1/15) New Zealand : 7% (1/15) Fiji : 7% (1/15) England : 7% (1/15),France : 61% (14/23) South Africa : 13% (3/23) Georgia : 4% (1/23) Argentina : 4% (1/23) New Zealand : 4% (1/23) Fiji : 4% (1/23) England : 4% (1/23) Portugal : 4% (1/23),Racing 92,931 kg (116.38 kg),26 ans,26 ans,198 cm,England : 80% (12/15) South Africa : 13% (2/15) Wales : 7% (1/15),England : 74% (17/23) South Africa : 17% (4/23) Wales : 9% (2/23),Harlequins," Date :  Sunday, December 10, 2023 Kick Off : 18:30 Venue : Paris La Défense Arena Tournament : Champions Cup Round : pool stage  All times shown are french time,refresh to see your local time. ",4,57_14_41_39,4,60_21_24_64,0,,0,,4,15_40_42_58,4,21_25_61_66,28 - 31
938 kg (117.25 kg),28 ans,24 ans,202 cm,England : 93% (14/15) Fiji : 7% (1/15),England : 83% (19/23) Fiji : 9% (2/23) South Africa : 4% (1/23) Australia : 4% (1/23),Northampton,902 kg (112.75 kg),28 ans,25 ans,202 cm,France : 53% (8/15) England : 20% (3/15) Cameroon : 7% (1/15) South Africa : 7% (1/15) Fiji : 7% (1/15) Tonga : 7% (1/15),France : 65% (15/23) England : 13% (3/23) Fiji : 9% (2/23) Cameroon : 4% (1/23) South Africa : 4% (1/23) Tonga : 4% (1/23),Toulon," Date :  Friday, December 15, 2023 Kick Off : 21:00 Venue : cinch Stadium at Franklin's Gardens Tournament : Champions Cup Round : pool stage  All times shown are french time,refresh to see your local time. ",4,6_28_57_77,2,65_54,0,,2,5_62,1,78,0,,22 - 19
911 kg (113.88 kg),28 ans,26 ans,205 cm,France : 67% (10/15) Argentina : 13% (2/15) Fiji : 7% (1/15) Uruguay : 7% (1/15) Georgia : 7% (1/15),France : 70% (16/23) Argentina : 9% (2/23) Fiji : 4% (1/23) Uruguay : 4% (1/23) Georgia : 4% (1/23) Tonga : 4% (1/23) Australia : 4% (1/23),Bayonne,919 kg (114.88 kg),27 ans,26 ans,207 cm,Scotland : 73% (11/15) Australia : 13% (2/15) New Zealand : 13% (2/15),Scotland : 65% (15/23) New Zealand : 13% (3/23) South Africa : 13% (3/23) Australia : 9% (2/23),Glasgow," Date :  Friday, December 15, 2023 Kick Off : 21:00 Venue : Stade Jean Dauger Tournament : Champions Cup Round : pool stage  All times shown are french time,refresh to see your local time. ",1,33,2,37_56,2,27_49,0,,0,,1,38,11 - 12
893 kg (111.63 kg),29 ans,27 ans,201 cm,South Africa : 93% (14/15) England : 7% (1/15),South Africa : 96% (22/23) England : 4% (1/23),Stormers,934 kg (116.75 kg),28 ans,28 ans,203 cm,France : 60% (9/15) New Zealand : 20% (3/15) Fiji : 7% (1/15) Australia : 7% (1/15) South Africa : 7% (1/15),France : 65% (15/23) New Zealand : 13% (3/23) Fiji : 4% (1/23) Australia : 4% (1/23) South Africa : 4% (1/23) Argentina : 4% (1/23) Ireland : 4% (1/23),La Rochelle," Date :  Saturday, December 16, 2023 Kick Off : 14:00 Venue : DHL Stadium Tournament : Champions Cup Round : pool stage  All times shown are french time,refresh to see your local time. ",2,51_78,2,45_6,3,35_40_43,2,2_37,1,80,2,7_46,21 - 20
931 kg (116.38 kg),29 ans,28 ans,198 cm,England : 53% (8/15) New Zealand : 13% (2/15) Argentina : 13% (2/15) Samoa : 7% (1/15) Australia : 7% (1/15) Wales : 7% (1/15),England : 61% (14/23) New Zealand : 9% (2/23) Samoa : 9% (2/23) Argentina : 9% (2/23) Australia : 4% (1/23) Wales : 4% (1/23) South Africa : 4% (1/23),Saracens,898 kg (112.25 kg),26 ans,28 ans,204 cm,Ireland : 73% (11/15) Australia : 13% (2/15) South Africa : 7% (1/15) New Zealand : 7% (1/15),Ireland : 70% (16/23) Australia : 13% (3/23) New Zealand : 9% (2/23) South Africa : 4% (1/23) England : 4% (1/23),Connacht," Date :  Saturday, December 16, 2023 Kick Off : 14:00 Venue : StoneX Stadium Tournament : Champions Cup Round : pool stage  All times shown are french time,refresh to see your local time. ",8,32_40_7_54_42_63_56_70,5,81_24_12_66_61,3,19_38_51,1,28,3,43_55_64,4,13_25_61_82,55 - 36
937 kg (117.13 kg),29 ans,27 ans,204 cm,France : 73% (11/15) Australia : 13% (2/15) South Africa : 7% (1/15) Argentina : 7% (1/15),France : 78% (18/23) Australia : 13% (3/23) South Africa : 4% (1/23) Argentina : 4% (1/23),Bordeaux,899 kg (112.38 kg),27 ans,24 ans,200 cm,England : 80% (12/15) New Zealand : 7% (1/15) Scotland : 7% (1/15) Fiji : 7% (1/15),England : 78% (18/23) Scotland : 9% (2/23) New Zealand : 4% (1/23) Fiji : 4% (1/23) Wales : 4% (1/23),Bristol," Date :  Saturday, December 16, 2023 Kick Off : 16:15 Venue : Stade Chaban-Delmas Tournament : Champions Cup Round : pool stage  All times shown are french time,refresh to see your local time. ",5,4_16_55_32_66,2,62_73,1,2,1,15,4,5_33_56_67,2,63_74,36 - 17
955 kg (119.38 kg),28 ans,27 ans,200 cm,France : 53% (8/15) Australia : 20% (3/15) New Zealand : 13% (2/15) Samoa : 7% (1/15) South Africa : 7% (1/15),France : 61% (14/23) Australia : 13% (3/23) New Zealand : 9% (2/23) South Africa : 9% (2/23) Samoa : 4% (1/23) Ireland : 4% (1/23),Lyon,902 kg (112.75 kg),25 ans,26 ans,200 cm,South Africa : 100% (15/15),South Africa : 100% (23/23),Bulls," Date :  Saturday, December 16, 2023 Kick Off : 18:30 Venue : Matmut Stadium de Gerland Tournament : Champions Cup Round : pool stage  All times shown are french time,refresh to see your local time. ",4,38_45_22_61,3,67_1_27,0,,3,11_34_42,2,23_62,2,2_68,29 - 28
917 kg (114.63 kg),26 ans,28 ans,203 cm,Ireland : 87% (13/15) South Africa : 7% (1/15) New Zealand : 7% (1/15),Ireland : 83% (19/23) New Zealand : 9% (2/23) South Africa : 4% (1/23) Australia : 4% (1/23),Leinster,906 kg (113.25 kg),27 ans,24 ans,207 cm,England : 80% (12/15) South Africa : 13% (2/15) Tonga : 7% (1/15),England : 83% (19/23) South Africa : 13% (3/23) Tonga : 4% (1/23),Sale," Date :  Saturday, December 16, 2023 Kick Off : 18:30 Venue : RDS Arena Tournament : Champions Cup Round : pool stage  All times shown are french time,refresh to see your local time. ",5,61_39_42_56_69,3,78_24_80,2,14_30,2,3_17,3,56_63_70,3,26_79_81,37 - 27
897 kg (112.13 kg),24 ans,26 ans,201 cm,Wales : 87% (13/15) South Africa : 7% (1/15) Samoa : 7% (1/15),Wales : 78% (18/23) England : 9% (2/23) South Africa : 4% (1/23) Samoa : 4% (1/23) Tonga : 4% (1/23),Cardiff,929 kg (116.13 kg),29 ans,28 ans,201 cm,England : 67% (10/15) South Africa : 13% (2/15) Scotland : 13% (2/15) Fiji : 7% (1/15),England : 57% (13/23) South Africa : 26% (6/23) Scotland : 9% (2/23) Fiji : 4% (1/23) New Zealand : 4% (1/23),Bath," Date :  Saturday, December 16, 2023 Kick Off : 21:00 Venue : Cardiff Arms Park Tournament : Champions Cup Round : pool stage  All times shown are french time,refresh to see your local time. ",3,43_4_19,4,29_22_14_7,2,18_27,1,53,3,5_20_44,3,24_30_71,32 - 39
932 kg (116.50 kg),30 ans,26 ans,198 cm,Ireland : 73% (11/15) South Africa : 13% (2/15) Zimbabwe : 7% (1/15) England : 7% (1/15),Ireland : 78% (18/23) South Africa : 9% (2/23) England : 9% (2/23) Zimbabwe : 4% (1/23),Ulster,894 kg (111.75 kg),30 ans,26 ans,203 cm,France : 67% (10/15) South Africa : 13% (2/15) England : 13% (2/15) Argentina : 7% (1/15),France : 61% (14/23) South Africa : 13% (3/23) England : 9% (2/23) Georgia : 9% (2/23) Argentina : 4% (1/23) Fiji : 4% (1/23),Racing 92," Date :  Saturday, December 16, 2023 Kick Off : 21:00 Venue : Kingspan Stadium Tournament : Champions Cup Round : pool stage  All times shown are french time,refresh to see your local time. ",4,3_46_36_22,3,55_65_29,1,69,0,,4,4_23_38_48,0,,31 - 15
934 kg (116.75 kg),25 ans,26 ans,201 cm,England : 67% (10/15) Wales : 13% (2/15) Australia : 7% (1/15) Fiji : 7% (1/15) South Africa : 7% (1/15),England : 61% (14/23) Wales : 9% (2/23) South Africa : 9% (2/23) Ireland : 9% (2/23) Australia : 4% (1/23) Fiji : 4% (1/23) Georgia : 4% (1/23),Exeter,897 kg (112.13 kg),28 ans,25 ans,206 cm,Ireland : 87% (13/15) New Zealand : 7% (1/15) France : 7% (1/15),Ireland : 91% (21/23) New Zealand : 4% (1/23) France : 4% (1/23),Munster," Date :  Sunday, December 17, 2023 Kick Off : 14:00 Venue : Sandy Park Tournament : Champions Cup Round : pool stage  All times shown are french time,refresh to see your local time. ",4,15_78_64_62,4,22_36_6_49,2,26_45,0,,3,16_63_66,2,7_37,32 - 24
915 kg (114.38 kg),29 ans,25 ans,198 cm,England : 87% (13/15) South Africa : 13% (2/15),England : 78% (18/23) South Africa : 13% (3/23) Wales : 9% (2/23),Harlequins,951 kg (118.88 kg),29 ans,26 ans,208 cm,France : 67% (10/15) Australia : 13% (2/15) Samoa : 7% (1/15) New Zealand : 7% (1/15) Scotland : 7% (1/15),France : 65% (15/23) Samoa : 9% (2/23) Australia : 9% (2/23) New Zealand : 4% (1/23) Scotland : 4% (1/23) United-States : 4% (1/23) Argentina : 4% (1/23),Toulouse," Date :  Sunday, December 17, 2023 Kick Off : 16:15 Venue : Twickenham Stoop Tournament : Champions Cup Round : pool stage  All times shown are french time,refresh to see your local time. ",3,9_39_47,7,35_76_42_6_50_11_73,0,,0,,2,10_48,6,7_13_36_43_52_75,19 - 47
920 kg (115.00 kg),28 ans,26 ans,199 cm,France : 80% (12/15) Australia : 7% (1/15) South Africa : 7% (1/15) England : 7% (1/15),France : 74% (17/23) Australia : 9% (2/23) South Africa : 9% (2/23) England : 4% (1/23) Argentina : 4% (1/23),Paris,927 kg (115.88 kg),28 ans,26 ans,201 cm,England : 60% (9/15) Ireland : 13% (2/15) South Africa : 13% (2/15) Australia : 7% (1/15) Tonga : 7% (1/15),England : 65% (15/23) Ireland : 9% (2/23) Australia : 9% (2/23) South Africa : 9% (2/23) Tonga : 4% (1/23) Fiji : 4% (1/23),Leicester," Date :  Sunday, December 17, 2023 Kick Off : 18:30 Venue : Stade Jean Bouin Tournament : Champions Cup Round : pool stage  All times shown are french time,refresh to see your local time. ",3,15_40_61,3,7_44_53,1,38,2,57_66,3,16_42_62,3,8_46_54,24 - 27
928 kg (116.00 kg),28 ans,26 ans,207 cm,England : 93% (14/15) Fiji : 7% (1/15),England : 83% (19/23) Fiji : 9% (2/23) South Africa : 4% (1/23) Australia : 4% (1/23),Northampton,931 kg (116.38 kg),28 ans,26 ans,205 cm,France : 67% (10/15) Argentina : 13% (2/15) Tonga : 7% (1/15) Uruguay : 7% (1/15) Fiji : 7% (1/15),France : 70% (16/23) Argentina : 13% (3/23) Tonga : 4% (1/23) Uruguay : 4% (1/23) Fiji : 4% (1/23) South Africa : 4% (1/23),Bayonne," Date :  Friday, January 12, 2024 Kick Off : 21:00 Venue : cinch Stadium at Franklin's Gardens Tournament : Champions Cup Round : pool stage  All times shown are french time,refresh to see your local time. ",9,38_48_31_27_13_20_44_1_70,2,76_64,0,,0,,8,2_13_20_28_33_40_49_71,2,65_77,61 - 14
936 kg (117.00 kg),26 ans,25 ans,197 cm,England : 60% (9/15) Australia : 7% (1/15) Fiji : 7% (1/15) New Zealand : 7% (1/15) South Africa : 7% (1/15) Ireland : 7% (1/15) Wales : 7% (1/15),England : 57% (13/23) New Zealand : 9% (2/23) South Africa : 9% (2/23) Wales : 9% (2/23) Australia : 4% (1/23) Fiji : 4% (1/23) Ireland : 4% (1/23) Georgia : 4% (1/23),Exeter,930 kg (116.25 kg),26 ans,27 ans,207 cm,Scotland : 73% (11/15) South Africa : 13% (2/15) Australia : 7% (1/15) New Zealand : 7% (1/15),Scotland : 74% (17/23) South Africa : 9% (2/23) New Zealand : 9% (2/23) Australia : 4% (1/23) Argentina : 4% (1/23),Glasgow," Date :  Saturday, January 13, 2024 Kick Off : 14:00 Venue : Sandy Park Tournament : Champions Cup Round : pool stage  All times shown are french time,refresh to see your local time. ",2,41_62,2,27_54,0,,1,10,2,43_77,2,28_56,19 - 17
928 kg (116.00 kg),26 ans,25 ans,200 cm,France : 53% (8/15) New Zealand : 13% (2/15) South Africa : 13% (2/15) England : 7% (1/15) Ireland : 7% (1/15) Australia : 7% (1/15),France : 70% (16/23) New Zealand : 9% (2/23) South Africa : 9% (2/23) England : 4% (1/23) Ireland : 4% (1/23) Australia : 4% (1/23),Lyon,908 kg (113.50 kg),27 ans,26 ans,201 cm,Ireland : 67% (10/15) New Zealand : 20% (3/15) England : 7% (1/15) South Africa : 7% (1/15),Ireland : 78% (18/23) New Zealand : 13% (3/23) England : 4% (1/23) South Africa : 4% (1/23),Connacht," Date :  Saturday, January 13, 2024 Kick Off : 14:00 Venue : Matmut Stadium de Gerland Tournament : Champions Cup Round : pool stage  All times shown are french time,refresh to see your local time. ",4,51_13_74_20,3,43_37_7,2,27_35,1,67,4,14_21_52_74,1,44,34 - 20
934 kg (116.75 kg),29 ans,27 ans,202 cm,France : 27% (4/15) England : 13% (2/15) South Africa : 13% (2/15) Fiji : 13% (2/15) Cameroon : 7% (1/15) Argentina : 7% (1/15) Wales : 7% (1/15) Tonga : 7% (1/15) New Zealand : 7% (1/15),France : 35% (8/23) England : 13% (3/23) Fiji : 13% (3/23) South Africa : 9% (2/23) Cameroon : 4% (1/23) Argentina : 4% (1/23) Wales : 4% (1/23) Tonga : 4% (1/23) New Zealand : 4% (1/23) Georgia : 4% (1/23) Samoa : 4% (1/23),Toulon,906 kg (113.25 kg),29 ans,27 ans,206 cm,Ireland : 87% (13/15) New Zealand : 7% (1/15) France : 7% (1/15),Ireland : 87% (20/23) New Zealand : 9% (2/23) France : 4% (1/23),Munster," Date :  Saturday, January 13, 2024 Kick Off : 16:15 Venue : Stade Mayol Tournament : Champions Cup Round : pool stage  All times shown are french time,refresh to see your local time. ",2,53_22,4,46_30_59_36,2,15_34,1,27,1,23,3,31_37_60,18 - 29
919 kg (114.88 kg),27 ans,28 ans,200 cm,England : 60% (9/15) Ireland : 13% (2/15) Samoa : 7% (1/15) Wales : 7% (1/15) Scotland : 7% (1/15) South Africa : 7% (1/15),England : 65% (15/23) Ireland : 9% (2/23) Samoa : 4% (1/23) Wales : 4% (1/23) Scotland : 4% (1/23) South Africa : 4% (1/23) New Zealand : 4% (1/23) Fiji : 4% (1/23),Bristol,942 kg (117.75 kg),25 ans,26 ans,199 cm,South Africa : 100% (15/15),South Africa : 100% (23/23),Bulls," Date :  Saturday, January 13, 2024 Kick Off : 16:15 Venue : Ashton Gate Tournament : Champions Cup Round : pool stage  All times shown are french time,refresh to see your local time. ",3,80_19_74,4,66_63_14_55,0,,1,6,1,20,4,56_64_67_16,17 - 31
922 kg (115.25 kg),27 ans,28 ans,203 cm,Ireland : 80% (12/15) New Zealand : 13% (2/15) South Africa : 7% (1/15),Ireland : 83% (19/23) New Zealand : 9% (2/23) South Africa : 4% (1/23) Australia : 4% (1/23),Leinster,921 kg (115.13 kg),25 ans,26 ans,200 cm,France : 67% (10/15) South Africa : 7% (1/15) Germany : 7% (1/15) New Zealand : 7% (1/15) England : 7% (1/15) Fiji : 7% (1/15),France : 65% (15/23) Georgia : 9% (2/23) South Africa : 4% (1/23) Germany : 4% (1/23) New Zealand : 4% (1/23) England : 4% (1/23) Fiji : 4% (1/23) Australia : 4% (1/23),Paris," Date :  Saturday, January 13, 2024 Kick Off : 18:30 Venue : Aviva Stadium Tournament : Champions Cup Round : pool stage  All times shown are french time,refresh to see your local time. ",7,40_29_46_60_17_44_67,0,,0,,0,,4,18_47_61_67,1,82,43 - 7
895 kg (111.88 kg),28 ans,28 ans,201 cm,South Africa : 100% (15/15),South Africa : 100% (23/23),Stormers,910 kg (113.75 kg),28 ans,25 ans,207 cm,England : 73% (11/15) Argentina : 7% (1/15) Scotland : 7% (1/15) South Africa : 7% (1/15) Tonga : 7% (1/15),England : 78% (18/23) Tonga : 9% (2/23) Argentina : 4% (1/23) Scotland : 4% (1/23) South Africa : 4% (1/23),Sale," Date :  Saturday, January 13, 2024 Kick Off : 18:30 Venue : DHL Stadium Tournament : Champions Cup Round : pool stage  All times shown are french time,refresh to see your local time. ",4,7_32_51_22,3,39_26_70,1,60,1,47,4,8_23_34_52,3,27_40_72,31 - 24
920 kg (115.00 kg),28 ans,29 ans,199 cm,Ireland : 67% (10/15) England : 20% (3/15) South Africa : 7% (1/15) Zimbabwe : 7% (1/15),Ireland : 74% (17/23) England : 17% (4/23) South Africa : 4% (1/23) Zimbabwe : 4% (1/23),Ulster,942 kg (117.75 kg),28 ans,27 ans,208 cm,France : 67% (10/15) Australia : 13% (2/15) New Zealand : 7% (1/15) Argentina : 7% (1/15) Scotland : 7% (1/15),France : 52% (12/23) Australia : 9% (2/23) Argentina : 9% (2/23) New Zealand : 4% (1/23) Scotland : 4% (1/23) United-States : 4% (1/23) Samoa : 4% (1/23) Ireland : 4% (1/23) England : 4% (1/23) Fiji : 4% (1/23),Toulouse," Date :  Saturday, January 13, 2024 Kick Off : 21:00 Venue : Kingspan Stadium Tournament : Champions Cup Round : pool stage  All times shown are french time,refresh to see your local time. ",2,41_68,7,30_52_80_56_34_46_9,1,12,1,18,3,41_62_68,5,10_36_48_57_81,24 - 48
901 kg (112.63 kg),26 ans,26 ans,203 cm,Wales : 80% (12/15) South Africa : 7% (1/15) Tonga : 7% (1/15) Samoa : 7% (1/15),Wales : 83% (19/23) South Africa : 4% (1/23) Tonga : 4% (1/23) Samoa : 4% (1/23) England : 4% (1/23),Cardiff,908 kg (113.50 kg),27 ans,25 ans,198 cm,England : 80% (12/15) South Africa : 13% (2/15) Scotland : 7% (1/15),England : 70% (16/23) South Africa : 17% (4/23) Scotland : 4% (1/23) Wales : 4% (1/23) Australia : 4% (1/23),Harlequins," Date :  Saturday, January 13, 2024 Kick Off : 21:00 Venue : Cardiff Arms Park Tournament : Champions Cup Round : pool stage  All times shown are french time,refresh to see your local time. ",2,6_22,8,75_9_34_44_26_37_79_68,1,4,0,,1,23,7,10_27_35_39_69_76_80,15 - 54
935 kg (116.88 kg),29 ans,28 ans,198 cm,England : 60% (9/15) South Africa : 20% (3/15) Scotland : 13% (2/15) Fiji : 7% (1/15),England : 57% (13/23) South Africa : 26% (6/23) Scotland : 9% (2/23) Fiji : 4% (1/23) Ireland : 4% (1/23),Bath,893 kg (111.63 kg),29 ans,27 ans,203 cm,France : 67% (10/15) England : 13% (2/15) Fiji : 13% (2/15) South Africa : 7% (1/15),France : 65% (15/23) South Africa : 13% (3/23) England : 9% (2/23) Fiji : 9% (2/23) New Zealand : 4% (1/23),Racing 92," Date :  Sunday, January 14, 2024 Kick Off : 14:00 Venue : Recreation Ground Tournament : Champions Cup Round : pool stage  All times shown are french time,refresh to see your local time. ",4,34_59_71_62,3,42_17_52,1,12,2,7_67,3,60_63_72,2,18_43,29 - 25
946 kg (118.25 kg),29 ans,28 ans,203 cm,France : 53% (8/15) New Zealand : 20% (3/15) Ireland : 7% (1/15) Fiji : 7% (1/15) South Africa : 7% (1/15) Australia : 7% (1/15),France : 61% (14/23) New Zealand : 13% (3/23) Ireland : 4% (1/23) Fiji : 4% (1/23) South Africa : 4% (1/23) Australia : 4% (1/23) Argentina : 4% (1/23) Georgia : 4% (1/23),La Rochelle,928 kg (116.00 kg),29 ans,29 ans,200 cm,England : 60% (9/15) Ireland : 13% (2/15) Argentina : 7% (1/15) Wales : 7% (1/15) South Africa : 7% (1/15) Tonga : 7% (1/15),England : 52% (12/23) South Africa : 17% (4/23) Ireland : 9% (2/23) Argentina : 4% (1/23) Wales : 4% (1/23) Tonga : 4% (1/23) Australia : 4% (1/23) Scotland : 4% (1/23),Leicester," Date :  Sunday, January 14, 2024 Kick Off : 16:15 Venue : Stade Marcel-Deflandre Tournament : Champions Cup Round : pool stage  All times shown are french time,refresh to see your local time. ",7,5_31_42_73_44_67_58,2,37_79,0,,0,,5,6_32_43_46_60,1,38,45 - 12
925 kg (115.63 kg),28 ans,26 ans,207 cm,France : 73% (11/15) Australia : 13% (2/15) New Zealand : 7% (1/15) Argentina : 7% (1/15),France : 74% (17/23) Australia : 13% (3/23) New Zealand : 4% (1/23) Argentina : 4% (1/23) South Africa : 4% (1/23),Bordeaux,912 kg (114.00 kg),27 ans,28 ans,201 cm,England : 80% (12/15) Samoa : 7% (1/15) South Africa : 7% (1/15) New Zealand : 7% (1/15),England : 78% (18/23) Samoa : 4% (1/23) South Africa : 4% (1/23) New Zealand : 4% (1/23) Australia : 4% (1/23) Argentina : 4% (1/23),Saracens," Date :  Sunday, January 14, 2024 Kick Off : 18:30 Venue : Stade Chaban-Delmas Tournament : Champions Cup Round : pool stage  All times shown are french time,refresh to see your local time. ",8,20_51_7_80_43_34_56_11,2,62_61,0,,1,4,5,52_57_8_12_78,1,61,55 - 15
889 kg (111.13 kg),28 ans,28 ans,201 cm,Ireland : 60% (9/15) New Zealand : 20% (3/15) Australia : 7% (1/15) England : 7% (1/15) South Africa : 7% (1/15),Ireland : 70% (16/23) New Zealand : 13% (3/23) England : 9% (2/23) Australia : 4% (1/23) South Africa : 4% (1/23),Connacht,925 kg (115.63 kg),28 ans,28 ans,200 cm,England : 60% (9/15) Fiji : 13% (2/15) Samoa : 7% (1/15) Scotland : 7% (1/15) Ireland : 7% (1/15) South Africa : 7% (1/15),England : 65% (15/23) Ireland : 9% (2/23) Fiji : 9% (2/23) Samoa : 4% (1/23) Scotland : 4% (1/23) South Africa : 4% (1/23) Wales : 4% (1/23),Bristol," Date :  Friday, January 19, 2024 Kick Off : 21:00 Venue : Dexcom Stadium Tournament : Champions Cup Round : pool stage  All times shown are french time,refresh to see your local time. ",4,32_7_45_19,0,,1,78,1,31,2,20_46,0,,27 - 10
932 kg (116.50 kg),27 ans,26 ans,201 cm,Scotland : 60% (9/15) Australia : 13% (2/15) New Zealand : 13% (2/15) Argentina : 7% (1/15) South Africa : 7% (1/15),Scotland : 61% (14/23) South Africa : 13% (3/23) Australia : 9% (2/23) New Zealand : 9% (2/23) Argentina : 4% (1/23) England : 4% (1/23),Glasgow,895 kg (111.88 kg),26 ans,27 ans,202 cm,France : 80% (12/15) Argentina : 7% (1/15) Georgia : 7% (1/15) Fiji : 7% (1/15),France : 74% (17/23) England : 9% (2/23) Argentina : 4% (1/23) Georgia : 4% (1/23) Fiji : 4% (1/23) South Africa : 4% (1/23),Toulon," Date :  Friday, January 19, 2024 Kick Off : 21:00 Venue : Scotstoun Stadium Tournament : Champions Cup Round : pool stage  All times shown are french time,refresh to see your local time. ",5,21_82_30_63_59,1,47,0,,0,,2,31_61,0,,29 - 5
900 kg (112.50 kg),24 ans,27 ans,200 cm,South Africa : 100% (15/15),South Africa : 100% (23/23),Bulls,934 kg (116.75 kg),29 ans,27 ans,207 cm,France : 60% (9/15) Australia : 27% (4/15) South Africa : 7% (1/15) Congo : 7% (1/15),France : 65% (15/23) Australia : 17% (4/23) South Africa : 4% (1/23) Congo : 4% (1/23) New Zealand : 4% (1/23) Tonga : 4% (1/23),Bordeaux," Date :  Saturday, January 20, 2024 Kick Off : 14:00 Venue : Loftus Versfeld Tournament : Champions Cup Round : pool stage  All times shown are french time,refresh to see your local time. ",6,6_26_52_16_39_42,6,33_59_49_13_54_66,2,64_74,0,,5,7_17_26_43_53,4,14_34_50_55,46 - 40
914 kg (114.25 kg),27 ans,26 ans,200 cm,England : 80% (12/15) South Africa : 20% (3/15),England : 78% (18/23) South Africa : 13% (3/23) Wales : 4% (1/23) Australia : 4% (1/23),Harlequins,915 kg (114.38 kg),27 ans,28 ans,199 cm,Ireland : 80% (12/15) England : 13% (2/15) South Africa : 7% (1/15),Ireland : 83% (19/23) England : 13% (3/23) South Africa : 4% (1/23),Ulster," Date :  Saturday, January 20, 2024 Kick Off : 14:00 Venue : Twickenham Stoop Tournament : Champions Cup Round : pool stage  All times shown are french time,refresh to see your local time. ",5,72_47_58_4_64,3,14_78_70,0,,0,,6,5_26_34_48_66_73,2,15_70,47 - 19
932 kg (116.50 kg),28 ans,28 ans,200 cm,England : 47% (7/15) South Africa : 20% (3/15) Ireland : 13% (2/15) Argentina : 7% (1/15) Wales : 7% (1/15) Scotland : 7% (1/15),England : 48% (11/23) South Africa : 22% (5/23) Ireland : 9% (2/23) Argentina : 4% (1/23) Wales : 4% (1/23) Scotland : 4% (1/23) Australia : 4% (1/23) Tonga : 4% (1/23),Leicester,912 kg (114.00 kg),27 ans,28 ans,201 cm,Ireland : 87% (13/15) New Zealand : 13% (2/15),Ireland : 87% (20/23) New Zealand : 9% (2/23) Australia : 4% (1/23),Leinster," Date :  Saturday, January 20, 2024 Kick Off : 16:15 Venue : Mattioli Woods Welford Road Stadium Tournament : Champions Cup Round : pool stage  All times shown are french time,refresh to see your local time. ",1,9,4,43_28_84_33,1,20,1,22,1,10,2,29_44,10 - 27
896 kg (112.00 kg),29 ans,27 ans,203 cm,France : 47% (7/15) South Africa : 20% (3/15) England : 13% (2/15) Fiji : 13% (2/15) Argentina : 7% (1/15),France : 61% (14/23) South Africa : 13% (3/23) England : 9% (2/23) Fiji : 9% (2/23) Argentina : 4% (1/23) Georgia : 4% (1/23),Racing 92,904 kg (113.00 kg),24 ans,27 ans,201 cm,Wales : 87% (13/15) South Africa : 7% (1/15) Samoa : 7% (1/15),Wales : 83% (19/23) South Africa : 4% (1/23) Samoa : 4% (1/23) England : 4% (1/23) Tonga : 4% (1/23),Cardiff," Date :  Saturday, January 20, 2024 Kick Off : 16:15 Venue : Paris La Défense Arena Tournament : Champions Cup Round : pool stage  All times shown are french time,refresh to see your local time. ",7,24_17_31_46_42_75_49,4,7_37_63_71,1,4,0,,5,18_43_47_50_76,3,8_64_72,48 - 26
912 kg (114.00 kg),28 ans,26 ans,206 cm,Ireland : 87% (13/15) New Zealand : 7% (1/15) France : 7% (1/15),Ireland : 87% (20/23) New Zealand : 9% (2/23) France : 4% (1/23),Munster,932 kg (116.50 kg),28 ans,26 ans,207 cm,England : 87% (13/15) Fiji : 7% (1/15) South Africa : 7% (1/15),England : 78% (18/23) South Africa : 9% (2/23) Fiji : 4% (1/23) Scotland : 4% (1/23) Australia : 4% (1/23),Northampton," Date :  Saturday, January 20, 2024 Kick Off : 18:30 Venue : Thomond Park Tournament : Champions Cup Round : pool stage  All times shown are french time,refresh to see your local time. ",3,41_48_37,2,18_70,2,31_63,3,42_55_66,1,38,2,18_71,23 - 26
887 kg (110.88 kg),27 ans,27 ans,199 cm,France : 73% (11/15) Argentina : 7% (1/15) Germany : 7% (1/15) South Africa : 7% (1/15) Fiji : 7% (1/15),France : 74% (17/23) Argentina : 4% (1/23) Germany : 4% (1/23) South Africa : 4% (1/23) Fiji : 4% (1/23) Georgia : 4% (1/23) Tonga : 4% (1/23),Paris,907 kg (113.38 kg),29 ans,26 ans,201 cm,South Africa : 93% (14/15) England : 7% (1/15),South Africa : 96% (22/23) England : 4% (1/23),Stormers," Date :  Saturday, January 20, 2024 Kick Off : 18:30 Venue : Stade Jean Bouin Tournament : Champions Cup Round : pool stage  All times shown are french time,refresh to see your local time. ",3,45_0_26,4,15_9_71_57,1,12,0,,1,27,2,58_72,20 - 24
922 kg (115.25 kg),28 ans,27 ans,201 cm,England : 67% (10/15) Argentina : 13% (2/15) Samoa : 7% (1/15) Australia : 7% (1/15) South Africa : 7% (1/15),England : 74% (17/23) Argentina : 9% (2/23) Australia : 9% (2/23) Samoa : 4% (1/23) South Africa : 4% (1/23),Saracens,900 kg (112.50 kg),24 ans,27 ans,204 cm,France : 73% (11/15) England : 7% (1/15) Georgia : 7% (1/15) New Zealand : 7% (1/15) Australia : 7% (1/15),France : 70% (16/23) New Zealand : 13% (3/23) Australia : 9% (2/23) England : 4% (1/23) Georgia : 4% (1/23),Lyon," Date :  Saturday, January 20, 2024 Kick Off : 21:00 Venue : StoneX Stadium Tournament : Champions Cup Round : pool stage  All times shown are french time,refresh to see your local time. ",5,43_55_68_3_74,3,14_39_45,2,48_64,1,25,4,44_56_68_76,3,15_40_46,39 - 24
919 kg (114.88 kg),27 ans,27 ans,207 cm,England : 80% (12/15) South Africa : 13% (2/15) Scotland : 7% (1/15),England : 70% (16/23) South Africa : 13% (3/23) Tonga : 9% (2/23) Scotland : 4% (1/23) Argentina : 4% (1/23),Sale,943 kg (117.88 kg),29 ans,28 ans,203 cm,France : 53% (8/15) New Zealand : 20% (3/15) Ireland : 7% (1/15) Fiji : 7% (1/15) South Africa : 7% (1/15) Australia : 7% (1/15),France : 52% (12/23) New Zealand : 13% (3/23) Ireland : 4% (1/23) Fiji : 4% (1/23) South Africa : 4% (1/23) Australia : 4% (1/23) Tonga : 4% (1/23) Argentina : 4% (1/23) Georgia : 4% (1/23) England : 4% (1/23),La Rochelle," Date :  Sunday, January 21, 2024 Kick Off : 14:00 Venue : Salford City Stadium Tournament : Champions Cup Round : pool stage  All times shown are french time,refresh to see your local time. ",3,76_58_66,4,46_42_8_71,0,,3,13_37_41,2,67_77,4,9_43_47_73,24 - 37
944 kg (118.00 kg),29 ans,27 ans,208 cm,France : 60% (9/15) Australia : 13% (2/15) England : 7% (1/15) New Zealand : 7% (1/15) Argentina : 7% (1/15) Scotland : 7% (1/15),France : 61% (14/23) Australia : 9% (2/23) England : 4% (1/23) New Zealand : 4% (1/23) Argentina : 4% (1/23) Scotland : 4% (1/23) United-States : 4% (1/23) Samoa : 4% (1/23) Ireland : 4% (1/23),Toulouse,931 kg (116.38 kg),29 ans,27 ans,198 cm,England : 60% (9/15) South Africa : 20% (3/15) Ireland : 7% (1/15) Scotland : 7% (1/15) Fiji : 7% (1/15),England : 57% (13/23) South Africa : 22% (5/23) Scotland : 9% (2/23) Ireland : 4% (1/23) Fiji : 4% (1/23) New Zealand : 4% (1/23),Bath," Date :  Sunday, January 21, 2024 Kick Off : 16:15 Venue : Stade Ernest-Wallon Tournament : Champions Cup Round : pool stage  All times shown are french time,refresh to see your local time. ",4,5_8_76_67,3,13_22_38,0,,0,,2,10_77,2,14_40,31 - 19
921 kg (115.13 kg),27 ans,25 ans,200 cm,France : 73% (11/15) Fiji : 13% (2/15) Georgia : 7% (1/15) Argentina : 7% (1/15),France : 61% (14/23) Argentina : 13% (3/23) Fiji : 9% (2/23) Georgia : 4% (1/23) Uruguay : 4% (1/23) Spain : 4% (1/23) Italy : 4% (1/23),Bayonne,930 kg (116.25 kg),25 ans,25 ans,201 cm,England : 67% (10/15) Australia : 7% (1/15) Fiji : 7% (1/15) Wales : 7% (1/15) New Zealand : 7% (1/15) South Africa : 7% (1/15),England : 65% (15/23) Wales : 9% (2/23) New Zealand : 9% (2/23) South Africa : 9% (2/23) Australia : 4% (1/23) Fiji : 4% (1/23),Exeter," Date :  Sunday, January 21, 2024 Kick Off : 18:30 Venue : Stade Jean Dauger Tournament : Champions Cup Round : pool stage  All times shown are french time,refresh to see your local time. ",6,18_33_31_1_64_68,3,12_44_41,0,,0,,5,2_32_34_65_69,1,14,40 - 17
912 kg (114.00 kg),27 ans,27 ans,201 cm,England : 67% (10/15) South Africa : 27% (4/15) Australia : 7% (1/15),England : 70% (16/23) South Africa : 17% (4/23) Australia : 4% (1/23) Wales : 4% (1/23) Scotland : 4% (1/23),Harlequins,916 kg (114.50 kg),26 ans,27 ans,201 cm,Scotland : 53% (8/15) South Africa : 13% (2/15) Australia : 13% (2/15) New Zealand : 13% (2/15) England : 7% (1/15),Scotland : 52% (12/23) South Africa : 22% (5/23) Australia : 9% (2/23) New Zealand : 9% (2/23) England : 4% (1/23) Argentina : 4% (1/23),Glasgow," Date :  Friday, April 5, 2024 Kick Off : 21:00 Venue : Twickenham Stoop Tournament : Champions Cup Round : Round of 16  All times shown are french time,refresh to see your local time. ",4,33_41_22_75,3,49_2_52,0,,1,59,4,24_34_42_77,3,3_50_53,28 - 24
926 kg (115.75 kg),25 ans,28 ans,201 cm,South Africa : 100% (15/15),South Africa : 100% (23/23),Bulls,894 kg (111.75 kg),27 ans,26 ans,194 cm,France : 60% (9/15) Australia : 13% (2/15) Georgia : 7% (1/15) Samoa : 7% (1/15) Ireland : 7% (1/15) South Africa : 7% (1/15),France : 65% (15/23) Australia : 9% (2/23) South Africa : 9% (2/23) Georgia : 4% (1/23) Samoa : 4% (1/23) Ireland : 4% (1/23) New Zealand : 4% (1/23),Lyon," Date :  Saturday, April 6, 2024 Kick Off : 13:30 Venue : Loftus Versfeld Tournament : Champions Cup Round : Round of 16  All times shown are french time,refresh to see your local time. ",9,33_27_20_53_67_12_77_48_70,2,30_55,0,,0,,7,13_20_28_34_54_69_72,1,31,59 - 19
932 kg (116.50 kg),26 ans,25 ans,201 cm,England : 53% (8/15) Wales : 13% (2/15) Australia : 7% (1/15) Fiji : 7% (1/15) New Zealand : 7% (1/15) Congo : 7% (1/15) South Africa : 7% (1/15),England : 70% (16/23) Wales : 9% (2/23) Australia : 4% (1/23) Fiji : 4% (1/23) New Zealand : 4% (1/23) Congo : 4% (1/23) South Africa : 4% (1/23),Exeter,937 kg (117.13 kg),28 ans,28 ans,198 cm,England : 67% (10/15) South Africa : 13% (2/15) Scotland : 13% (2/15) Fiji : 7% (1/15),England : 61% (14/23) South Africa : 22% (5/23) Scotland : 9% (2/23) Fiji : 4% (1/23) Ireland : 4% (1/23),Bath," Date :  Saturday, April 6, 2024 Kick Off : 16:00 Venue : Sandy Park Tournament : Champions Cup Round : Round of 16  All times shown are french time,refresh to see your local time. ",3,65_22_55,2,20_27,0,,1,48,3,23_56_66,1,28,21 - 15
907 kg (113.38 kg),30 ans,26 ans,200 cm,South Africa : 100% (15/15),South Africa : 96% (22/23) England : 4% (1/23),Stormers,968 kg (121.00 kg),30 ans,29 ans,203 cm,France : 40% (6/15) New Zealand : 20% (3/15) Tonga : 7% (1/15) Ireland : 7% (1/15) Fiji : 7% (1/15) South Africa : 7% (1/15) Australia : 7% (1/15) England : 7% (1/15),France : 52% (12/23) New Zealand : 17% (4/23) Tonga : 4% (1/23) Ireland : 4% (1/23) Fiji : 4% (1/23) South Africa : 4% (1/23) Australia : 4% (1/23) England : 4% (1/23) Argentina : 4% (1/23),La Rochelle," Date :  Saturday, April 6, 2024 Kick Off : 16:00 Venue : DHL Stadium Tournament : Champions Cup Round : Round of 16  All times shown are french time,refresh to see your local time. ",2,27_79,3,48_61_68,3,3_22_45,1,54,1,29,2,49_61,21 - 22
947 kg (118.38 kg),30 ans,27 ans,207 cm,France : 73% (11/15) Australia : 13% (2/15) New Zealand : 7% (1/15) Tonga : 7% (1/15),France : 65% (15/23) Australia : 13% (3/23) New Zealand : 4% (1/23) Tonga : 4% (1/23) Georgia : 4% (1/23) South Africa : 4% (1/23) Argentina : 4% (1/23),Bordeaux,944 kg (118.00 kg),29 ans,27 ans,198 cm,England : 60% (9/15) New Zealand : 13% (2/15) Samoa : 7% (1/15) Australia : 7% (1/15) South Africa : 7% (1/15) Argentina : 7% (1/15),England : 57% (13/23) New Zealand : 13% (3/23) Argentina : 9% (2/23) Samoa : 4% (1/23) Australia : 4% (1/23) South Africa : 4% (1/23) Fiji : 4% (1/23) Italy : 4% (1/23),Saracens," Date :  Saturday, April 6, 2024 Kick Off : 18:30 Venue : Stade Chaban-Delmas Tournament : Champions Cup Round : Round of 16  All times shown are french time,refresh to see your local time. ",6,36_47_63_74_60_66,2,71_78,1,29,0,,6,37_48_62_64_67_76,1,79,45 - 12
913 kg (114.13 kg),27 ans,28 ans,198 cm,Ireland : 87% (13/15) New Zealand : 13% (2/15),Ireland : 83% (19/23) New Zealand : 9% (2/23) Australia : 4% (1/23) South Africa : 4% (1/23),Leinster,940 kg (117.50 kg),30 ans,26 ans,197 cm,England : 40% (6/15) South Africa : 27% (4/15) Ireland : 13% (2/15) Argentina : 7% (1/15) Wales : 7% (1/15) Tonga : 7% (1/15),England : 52% (12/23) South Africa : 22% (5/23) Ireland : 9% (2/23) Argentina : 4% (1/23) Wales : 4% (1/23) Tonga : 4% (1/23) Fiji : 4% (1/23),Leicester," Date :  Saturday, April 6, 2024 Kick Off : 21:00 Venue : Aviva Stadium Tournament : Champions Cup Round : Round of 16  All times shown are french time,refresh to see your local time. ",5,12_23_29_49_71,3,45_4_75,1,9,1,28,4,13_30_50_72,2,5_76,36 - 22
931 kg (116.38 kg),28 ans,26 ans,207 cm,England : 87% (13/15) South Africa : 7% (1/15) Australia : 7% (1/15),England : 74% (17/23) South Africa : 9% (2/23) Australia : 9% (2/23) Fiji : 9% (2/23),Northampton,906 kg (113.25 kg),30 ans,27 ans,206 cm,Ireland : 80% (12/15) New Zealand : 7% (1/15) France : 7% (1/15) England : 7% (1/15),Ireland : 83% (19/23) New Zealand : 9% (2/23) France : 4% (1/23) England : 4% (1/23),Munster," Date :  Sunday, April 7, 2024 Kick Off : 13:30 Venue : cinch Stadium at Franklin's Gardens Tournament : Champions Cup Round : Round of 16  All times shown are french time,refresh to see your local time. ",2,35_9,2,14_27,0,,0,,2,10_36,2,15_28,24 - 14
946 kg (118.25 kg),29 ans,25 ans,208 cm,France : 60% (9/15) Australia : 13% (2/15) England : 7% (1/15) New Zealand : 7% (1/15) Argentina : 7% (1/15) Scotland : 7% (1/15),France : 65% (15/23) Australia : 9% (2/23) England : 4% (1/23) New Zealand : 4% (1/23) Argentina : 4% (1/23) Scotland : 4% (1/23) Spain : 4% (1/23) Ireland : 4% (1/23),Toulouse,902 kg (112.75 kg),28 ans,28 ans,203 cm,France : 53% (8/15) Fiji : 13% (2/15) England : 13% (2/15) South Africa : 13% (2/15) Portugal : 7% (1/15),France : 57% (13/23) England : 13% (3/23) South Africa : 13% (3/23) Fiji : 9% (2/23) Portugal : 4% (1/23) New Zealand : 4% (1/23),Racing 92," Date :  Sunday, April 7, 2024 Kick Off : 16:00 Venue : Stade Ernest-Wallon Tournament : Champions Cup Round : Round of 16  All times shown are french time,refresh to see your local time. ",4,5_80_33_69,1,74,0,,0,,3,56_69_82,1,75,31 - 7
950 kg (118.75 kg),30 ans,27 ans,207 cm,France : 67% (10/15) Australia : 13% (2/15) Georgia : 7% (1/15) New Zealand : 7% (1/15) Tonga : 7% (1/15),France : 61% (14/23) Australia : 13% (3/23) Georgia : 4% (1/23) New Zealand : 4% (1/23) Tonga : 4% (1/23) South Africa : 4% (1/23) Argentina : 4% (1/23) Congo : 4% (1/23),Bordeaux,922 kg (115.25 kg),27 ans,26 ans,201 cm,England : 67% (10/15) South Africa : 27% (4/15) Australia : 7% (1/15),England : 65% (15/23) South Africa : 22% (5/23) Wales : 9% (2/23) Australia : 4% (1/23),Harlequins," Date :  Saturday, April 13, 2024 Kick Off : 16:00 Venue : Stade Chaban-Delmas Tournament : Champions Cup Round : Quarter-finals  All times shown are french time,refresh to see your local time. ",4,19_59_42_24,5,40_56_2_29_71,1,52,0,,4,25_44_60_65,5,3_30_42_58_73,41 - 42
922 kg (115.25 kg),27 ans,28 ans,203 cm,Ireland : 80% (12/15) New Zealand : 13% (2/15) South Africa : 7% (1/15),Ireland : 83% (19/23) New Zealand : 9% (2/23) South Africa : 4% (1/23) Australia : 4% (1/23),Leinster,968 kg (121.00 kg),30 ans,29 ans,203 cm,France : 40% (6/15) New Zealand : 20% (3/15) Tonga : 7% (1/15) Ireland : 7% (1/15) Fiji : 7% (1/15) Australia : 7% (1/15) England : 7% (1/15) South Africa : 7% (1/15),France : 52% (12/23) New Zealand : 17% (4/23) Tonga : 4% (1/23) Ireland : 4% (1/23) Fiji : 4% (1/23) Australia : 4% (1/23) England : 4% (1/23) South Africa : 4% (1/23) Argentina : 4% (1/23),La Rochelle," Date :  Saturday, April 13, 2024 Kick Off : 18:30 Venue : Aviva Stadium Tournament : Champions Cup Round : Quarter-finals  All times shown are french time,refresh to see your local time. ",5,55_42_37_16_60,1,43,3,7_27_31,2,19_28,3,18_38_43,1,44,40 - 13
936 kg (117.00 kg),27 ans,26 ans,207 cm,England : 87% (13/15) South Africa : 7% (1/15) Australia : 7% (1/15),England : 78% (18/23) Australia : 9% (2/23) Fiji : 9% (2/23) South Africa : 4% (1/23),Northampton,861 kg (107.63 kg),26 ans,27 ans,201 cm,South Africa : 100% (15/15),South Africa : 100% (23/23),Bulls," Date :  Saturday, April 13, 2024 Kick Off : 21:00 Venue : cinch Stadium at Franklin's Gardens Tournament : Champions Cup Round : Quarter-finals  All times shown are french time,refresh to see your local time. ",9,40_15_72_24_67_20_50_10_47,3,31_13_35,0,,1,17,7,11_15_21_25_41_51_68,2,14_36,59 - 22
946 kg (118.25 kg),29 ans,26 ans,208 cm,France : 60% (9/15) Australia : 13% (2/15) England : 7% (1/15) New Zealand : 7% (1/15) Argentina : 7% (1/15) Scotland : 7% (1/15),France : 61% (14/23) Australia : 9% (2/23) Argentina : 9% (2/23) England : 4% (1/23) New Zealand : 4% (1/23) Scotland : 4% (1/23) Spain : 4% (1/23) Ireland : 4% (1/23),Toulouse,932 kg (116.50 kg),26 ans,25 ans,201 cm,England : 53% (8/15) Wales : 13% (2/15) Australia : 7% (1/15) Fiji : 7% (1/15) New Zealand : 7% (1/15) Congo : 7% (1/15) South Africa : 7% (1/15),England : 70% (16/23) Wales : 9% (2/23) Australia : 4% (1/23) Fiji : 4% (1/23) New Zealand : 4% (1/23) Congo : 4% (1/23) South Africa : 4% (1/23),Exeter," Date :  Sunday, April 14, 2024 Kick Off : 16:00 Venue : Stade Ernest-Wallon Tournament : Champions Cup Round : Quarter-finals  All times shown are french time,refresh to see your local time. ",9,31_57_7_50_74_66_78_47_55,1,16,1,20,4,5_12_28_43,8,8_32_48_52_56_57_68_75,2,17_62,64 - 26
913 kg (114.13 kg),27 ans,29 ans,198 cm,Ireland : 87% (13/15) New Zealand : 13% (2/15),Ireland : 83% (19/23) New Zealand : 9% (2/23) Australia : 4% (1/23) South Africa : 4% (1/23),Leinster,936 kg (117.00 kg),29 ans,26 ans,207 cm,England : 87% (13/15) South Africa : 7% (1/15) Australia : 7% (1/15),England : 78% (18/23) Australia : 9% (2/23) Fiji : 9% (2/23) South Africa : 4% (1/23),Northampton," Date :  Saturday, May 4, 2024 Kick Off : 18:40 Venue : Croke Park Tournament : Champions Cup Round : Semi-finals  All times shown are french time,refresh to see your local time. ",3,10_14_43,1,58,1,29,1,39,1,11,2,59_74,20 - 17
934 kg (116.75 kg),28 ans,26 ans,203 cm,France : 67% (10/15) Australia : 7% (1/15) England : 7% (1/15) New Zealand : 7% (1/15) Argentina : 7% (1/15) Scotland : 7% (1/15),France : 65% (15/23) Australia : 9% (2/23) Argentina : 9% (2/23) England : 4% (1/23) New Zealand : 4% (1/23) Scotland : 4% (1/23) Spain : 4% (1/23),Toulouse,922 kg (115.25 kg),27 ans,27 ans,201 cm,England : 67% (10/15) South Africa : 27% (4/15) Australia : 7% (1/15),England : 70% (16/23) South Africa : 22% (5/23) Australia : 4% (1/23) Wales : 4% (1/23),Harlequins," Date :  Sunday, May 5, 2024 Kick Off : 16:00 Venue : Stadium de Toulouse Tournament : Champions Cup Round : Semi-finals  All times shown are french time,refresh to see your local time. ",6,18_26_32_36_4_67,4,23_13_45_52,0,,0,,3,20_34_38,3,14_46_53,38 - 26
922 kg (115.25 kg),27 ans,29 ans,203 cm,Ireland : 80% (12/15) New Zealand : 13% (2/15) South Africa : 7% (1/15),Ireland : 83% (19/23) New Zealand : 9% (2/23) South Africa : 4% (1/23) Australia : 4% (1/23),Leinster,934 kg (116.75 kg),28 ans,26 ans,203 cm,France : 67% (10/15) Australia : 7% (1/15) England : 7% (1/15) New Zealand : 7% (1/15) Argentina : 7% (1/15) Scotland : 7% (1/15),France : 61% (14/23) Australia : 9% (2/23) Argentina : 9% (2/23) England : 4% (1/23) New Zealand : 4% (1/23) Scotland : 4% (1/23) Spain : 4% (1/23) Ireland : 4% (1/23),Toulouse," Date :  Saturday, May 25, 2024 Kick Off : 15:45 Venue : Tottenham Hotspur Stadium Tournament : Champions Cup Round : Final  All times shown are french time,refresh to see your local time. ",0,,1,82,5,18_43_46_65_77,4,4_7_36_57,1,97,0,,22 - 31
