Home Pack weight (average),Home Forwards average age,Home Backs average age,Home Tallest player,Home Differents nationalities for starters,Home Differents nationalities for all the team,Home JIFF players  ( read JIFF study in Top 14 ),Home team,Away Pack weight (average),Away Forwards average age,Away Backs average age,Away Tallest player,Away Differents nationalities for starters,Away Differents nationalities for all the team,Away JIFF players  ( read JIFF study in Top 14 ),Away team,meta,home_n_tries,minutes_of_home_tries,away_n_tries,minutes_of_away_tries,home_n_pen_kicks,minutes_of_home_pen_kicks,away_n_pen_kicks,minutes_of_away_pen_kicks,home_n_conversions,minutes_of_home_conversions,away_n_conversions,minutes_of_away_conversions,match_result
957 kg (119.63 kg),29 ans,26 ans,203 cm,France : 53% (8/15) Argentina : 20% (3/15) Tonga : 7% (1/15) New Zealand : 7% (1/15) South Africa : 7% (1/15) Fiji : 7% (1/15),France : 61% (14/23) Argentina : 13% (3/23) Fiji : 9% (2/23) Tonga : 4% (1/23) New Zealand : 4% (1/23) South Africa : 4% (1/23) Germany : 4% (1/23),PRO JIFF PLAYER + ACADEMY JIFF PLAYER : 10 / 15 (67 %)  PRO NON-JIFF PLAYER : 5 / 15 (33 %)  ACADEMY NON-JIFF PLAYER : 0 / 15 (0 %)  PRO JIFF PLAYER + ACADEMY JIFF PLAYER: 17 / 23 (74%)  PRO NON-JIFF PLAYER : 6 / 23 (26 %)  ACADEMY NON-JIFF PLAYER : 0 / 23 (0 %),Bayonne,938 kg (117.25 kg),29 ans,28 ans,202 cm,France : 27% (4/15) Samoa : 13% (2/15) Italy : 13% (2/15) South Africa : 13% (2/15) Fiji : 13% (2/15) Australia : 7% (1/15) England : 7% (1/15) Argentina : 7% (1/15),France : 39% (9/23) Samoa : 13% (3/23) Fiji : 13% (3/23) Italy : 9% (2/23) South Africa : 9% (2/23) England : 9% (2/23) Australia : 4% (1/23) Argentina : 4% (1/23),PRO JIFF PLAYER + ACADEMY JIFF PLAYER : 8 / 15 (53 %)  PRO NON-JIFF PLAYER : 7 / 15 (47 %)  ACADEMY NON-JIFF PLAYER : 0 / 15 (0 %)  PRO JIFF PLAYER + ACADEMY JIFF PLAYER : 15 / 23 (65%)  PRO NON-JIFF PLAYER : 8 / 23 (35 %)  ACADEMY NON-JIFF PLAYER : 0 / 23 (0 %),Perpignan," Date :  Saturday, September 7, 2024 Kick Off : 14:30 Venue : Stade Jean Dauger Tournament : Top 14 Round : pool stage  All times shown are french time,refresh to see your local time. ",2.0,36_12,1.0,7,3.0,46_60_76,4.0,18_23_27_42,1.0,13,1.0,8,21 - 19
899 kg (112.38 kg),29 ans,28 ans,204 cm,France : 60% (9/15) Fiji : 13% (2/15) Moldova : 7% (1/15) Australia : 7% (1/15) Samoa : 7% (1/15) Argentina : 7% (1/15),France : 61% (14/23) Australia : 9% (2/23) Fiji : 9% (2/23) Moldova : 4% (1/23) Samoa : 4% (1/23) Argentina : 4% (1/23) Georgia : 4% (1/23) Tonga : 4% (1/23),PRO JIFF PLAYER + ACADEMY JIFF PLAYER : 12 / 15 (80 %)  PRO NON-JIFF PLAYER : 3 / 15 (20 %)  ACADEMY NON-JIFF PLAYER : 0 / 15 (0 %)  PRO JIFF PLAYER + ACADEMY JIFF PLAYER: 18 / 23 (78%)  PRO NON-JIFF PLAYER : 5 / 23 (22 %)  ACADEMY NON-JIFF PLAYER : 0 / 23 (0 %),Clermont,913 kg (114.13 kg),27 ans,26 ans,204 cm,France : 67% (10/15) Georgia : 13% (2/15) England : 13% (2/15) Argentina : 7% (1/15),France : 65% (15/23) Georgia : 9% (2/23) England : 9% (2/23) Argentina : 4% (1/23) Fiji : 4% (1/23) Samoa : 4% (1/23) Spain : 4% (1/23),PRO JIFF PLAYER + ACADEMY JIFF PLAYER : 13 / 15 (87 %)  PRO NON-JIFF PLAYER : 2 / 15 (13 %)  ACADEMY NON-JIFF PLAYER : 0 / 15 (0 %)  PRO JIFF PLAYER + ACADEMY JIFF PLAYER : 20 / 23 (87%)  PRO NON-JIFF PLAYER : 3 / 23 (13 %)  ACADEMY NON-JIFF PLAYER : 0 / 23 (0 %),Pau," Date :  Saturday, September 7, 2024 Kick Off : 16:30 Venue : Stade Marcel Michelin Tournament : Top 14 Round : pool stage  All times shown are french time,refresh to see your local time. ",4.0,44_36_52_75,1.0,30,2.0,5_59,0.0,,3.0,37_45_53,1.0,31,39 - 7
939 kg (117.38 kg),31 ans,28 ans,205 cm,France : 60% (9/15) New Zealand : 13% (2/15) England : 7% (1/15) Fiji : 7% (1/15) Canada : 7% (1/15) Cameroon : 7% (1/15),France : 65% (15/23) Fiji : 9% (2/23) New Zealand : 9% (2/23) England : 4% (1/23) Canada : 4% (1/23) Cameroon : 4% (1/23) Georgia : 4% (1/23),PRO JIFF PLAYER + ACADEMY JIFF PLAYER : 9 / 15 (60 %)  PRO NON-JIFF PLAYER : 6 / 15 (40 %)  ACADEMY NON-JIFF PLAYER : 0 / 15 (0 %)  PRO JIFF PLAYER + ACADEMY JIFF PLAYER: 16 / 23 (70%)  PRO NON-JIFF PLAYER : 7 / 23 (30 %)  ACADEMY NON-JIFF PLAYER : 0 / 23 (0 %),Castres,956 kg (119.50 kg),27 ans,26 ans,204 cm,France : 53% (8/15) England : 33% (5/15) Georgia : 7% (1/15) Fiji : 7% (1/15),France : 61% (14/23) England : 26% (6/23) Georgia : 9% (2/23) Fiji : 4% (1/23),PRO JIFF PLAYER + ACADEMY JIFF PLAYER : 10 / 15 (67 %)  PRO NON-JIFF PLAYER : 3 / 15 (20 %)  ACADEMY NON-JIFF PLAYER : 2 / 15 (13 %)  PRO JIFF PLAYER + ACADEMY JIFF PLAYER : 17 / 23 (74%)  PRO NON-JIFF PLAYER : 4 / 23 (17 %)  ACADEMY NON-JIFF PLAYER : 2 / 23 (9 %),Racing 92," Date :  Saturday, September 7, 2024 Kick Off : 16:30 Venue : Stade Pierre Fabre Tournament : Top 14 Round : pool stage  All times shown are french time,refresh to see your local time. ",3.0,20_51_79,4.0,27_10_77_72,4.0,8_38_57_70,0.0,,2.0,21_52,4.0,11_28_73_78,31 - 28
958 kg (119.75 kg),27 ans,27 ans,196 cm,France : 73% (11/15) Canada : 7% (1/15) Australia : 7% (1/15) Congo : 7% (1/15) Scotland : 7% (1/15),France : 74% (17/23) Canada : 4% (1/23) Australia : 4% (1/23) Congo : 4% (1/23) Scotland : 4% (1/23) Georgia : 4% (1/23) South Africa : 4% (1/23),PRO JIFF PLAYER + ACADEMY JIFF PLAYER : 12 / 15 (80 %)  PRO NON-JIFF PLAYER : 3 / 15 (20 %)  ACADEMY NON-JIFF PLAYER : 0 / 15 (0 %)  PRO JIFF PLAYER + ACADEMY JIFF PLAYER: 19 / 23 (83%)  PRO NON-JIFF PLAYER : 4 / 23 (17 %)  ACADEMY NON-JIFF PLAYER : 0 / 23 (0 %),Montpellier,878 kg (109.75 kg),28 ans,26 ans,197 cm,France : 53% (8/15) Georgia : 20% (3/15) Fiji : 7% (1/15) Portugal : 7% (1/15) Australia : 7% (1/15) New Zealand : 7% (1/15),France : 61% (14/23) Georgia : 13% (3/23) New Zealand : 9% (2/23) Fiji : 4% (1/23) Portugal : 4% (1/23) Australia : 4% (1/23) South Africa : 4% (1/23),PRO JIFF PLAYER + ACADEMY JIFF PLAYER : 12 / 15 (80 %)  PRO NON-JIFF PLAYER : 3 / 15 (20 %)  ACADEMY NON-JIFF PLAYER : 0 / 15 (0 %)  PRO JIFF PLAYER + ACADEMY JIFF PLAYER : 18 / 23 (78%)  PRO NON-JIFF PLAYER : 5 / 23 (22 %)  ACADEMY NON-JIFF PLAYER : 0 / 23 (0 %),Lyon," Date :  Saturday, September 7, 2024 Kick Off : 16:30 Venue : GGL Stadium Tournament : Top 14 Round : pool stage  All times shown are french time,refresh to see your local time. ",3.0,18_14_63,1.0,8,1.0,43,4.0,23_45_48_51,2.0,15_19,1.0,9,22 - 26
921 kg (115.13 kg),26 ans,27 ans,198 cm,France : 87% (13/15) South Africa : 7% (1/15) Australia : 7% (1/15),France : 87% (20/23) South Africa : 4% (1/23) Australia : 4% (1/23) Scotland : 4% (1/23),PRO JIFF PLAYER + ACADEMY JIFF PLAYER : 13 / 15 (87 %)  PRO NON-JIFF PLAYER : 2 / 15 (13 %)  ACADEMY NON-JIFF PLAYER : 0 / 15 (0 %)  PRO JIFF PLAYER + ACADEMY JIFF PLAYER: 20 / 23 (87%)  PRO NON-JIFF PLAYER : 3 / 23 (13 %)  ACADEMY NON-JIFF PLAYER : 0 / 23 (0 %),Bordeaux,934 kg (116.75 kg),27 ans,27 ans,200 cm,France : 60% (9/15) South Africa : 13% (2/15) Georgia : 7% (1/15) Australia : 7% (1/15) Spain : 7% (1/15) England : 7% (1/15),France : 52% (12/23) Georgia : 9% (2/23) Australia : 9% (2/23) South Africa : 9% (2/23) England : 9% (2/23) Spain : 4% (1/23) Italy : 4% (1/23) New Zealand : 4% (1/23),PRO JIFF PLAYER + ACADEMY JIFF PLAYER : 12 / 15 (80 %)  PRO NON-JIFF PLAYER : 3 / 15 (20 %)  ACADEMY NON-JIFF PLAYER : 0 / 15 (0 %)  PRO JIFF PLAYER + ACADEMY JIFF PLAYER : 17 / 23 (74%)  PRO NON-JIFF PLAYER : 6 / 23 (26 %)  ACADEMY NON-JIFF PLAYER : 0 / 23 (0 %),Paris," Date :  Saturday, September 7, 2024 Kick Off : 21:05 Venue : Stade Chaban-Delmas Tournament : Top 14 Round : pool stage  All times shown are french time,refresh to see your local time. ",6.0,18_38_74_34_8_71,4.0,48_30_57_81,2.0,50_64,0.0,,5.0,9_19_35_39_72,3.0,49_58_82,46 - 26
933 kg (116.63 kg),27 ans,29 ans,203 cm,France : 53% (8/15) New Zealand : 20% (3/15) Georgia : 7% (1/15) Australia : 7% (1/15) England : 7% (1/15) South Africa : 7% (1/15),France : 61% (14/23) New Zealand : 13% (3/23) Australia : 9% (2/23) Georgia : 4% (1/23) England : 4% (1/23) South Africa : 4% (1/23) Tonga : 4% (1/23),PRO JIFF PLAYER + ACADEMY JIFF PLAYER : 10 / 15 (67 %)  PRO NON-JIFF PLAYER : 5 / 15 (33 %)  ACADEMY NON-JIFF PLAYER : 0 / 15 (0 %)  PRO JIFF PLAYER + ACADEMY JIFF PLAYER: 16 / 23 (70%)  PRO NON-JIFF PLAYER : 7 / 23 (30 %)  ACADEMY NON-JIFF PLAYER : 0 / 23 (0 %),La Rochelle,909 kg (113.63 kg),28 ans,28 ans,202 cm,France : 53% (8/15) England : 13% (2/15) Cameroon : 7% (1/15) South Africa : 7% (1/15) Wales : 7% (1/15) Tonga : 7% (1/15) New Zealand : 7% (1/15),France : 57% (13/23) England : 9% (2/23) Cameroon : 4% (1/23) South Africa : 4% (1/23) Wales : 4% (1/23) Tonga : 4% (1/23) New Zealand : 4% (1/23) Ireland : 4% (1/23) Samoa : 4% (1/23) Fiji : 4% (1/23),PRO JIFF PLAYER + ACADEMY JIFF PLAYER : 9 / 15 (60 %)  PRO NON-JIFF PLAYER : 6 / 15 (40 %)  ACADEMY NON-JIFF PLAYER : 0 / 15 (0 %)  PRO JIFF PLAYER + ACADEMY JIFF PLAYER : 16 / 23 (70%)  PRO NON-JIFF PLAYER : 7 / 23 (30 %)  ACADEMY NON-JIFF PLAYER : 0 / 23 (0 %),Toulon," Date :  Sunday, September 8, 2024 Kick Off : 17:00 Venue : Stade Marcel-Deflandre Tournament : Top 14 Round : pool stage  All times shown are french time,refresh to see your local time. ",2.0,18_52,2.0,47_76,0.0,,1.0,11,2.0,19_53,1.0,77,19 - 15
944 kg (118.00 kg),33 ans,29 ans,200 cm,New Zealand : 40% (6/15) France : 27% (4/15) Argentina : 13% (2/15) Namibia : 7% (1/15) Tonga : 7% (1/15) Fiji : 7% (1/15),France : 43% (10/23) New Zealand : 26% (6/23) Argentina : 9% (2/23) Fiji : 9% (2/23) Namibia : 4% (1/23) Tonga : 4% (1/23) South Africa : 4% (1/23),PRO JIFF PLAYER + ACADEMY JIFF PLAYER : 4 / 15 (27 %)  PRO NON-JIFF PLAYER : 11 / 15 (73 %)  ACADEMY NON-JIFF PLAYER : 0 / 15 (0 %)  PRO JIFF PLAYER + ACADEMY JIFF PLAYER: 12 / 23 (52%)  PRO NON-JIFF PLAYER : 11 / 23 (48 %)  ACADEMY NON-JIFF PLAYER : 0 / 23 (0 %),Vannes,920 kg (115.00 kg),28 ans,25 ans,203 cm,France : 73% (11/15) Ireland : 7% (1/15) England : 7% (1/15) New Zealand : 7% (1/15) Scotland : 7% (1/15),France : 70% (16/23) Ireland : 4% (1/23) England : 4% (1/23) New Zealand : 4% (1/23) Scotland : 4% (1/23) Australia : 4% (1/23) Japan : 4% (1/23) United-States : 4% (1/23),PRO JIFF PLAYER + ACADEMY JIFF PLAYER : 11 / 15 (73 %)  PRO NON-JIFF PLAYER : 4 / 15 (27 %)  ACADEMY NON-JIFF PLAYER : 0 / 15 (0 %)  PRO JIFF PLAYER + ACADEMY JIFF PLAYER : 18 / 23 (78%)  PRO NON-JIFF PLAYER : 5 / 23 (22 %)  ACADEMY NON-JIFF PLAYER : 0 / 23 (0 %),Toulouse," Date :  Sunday, September 8, 2024 Kick Off : 21:05 Venue : Stade de la Rabine Tournament : Top 14 Round : pool stage  All times shown are french time,refresh to see your local time. ",2.0,53_66,4.0,29_76_3_61,2.0,7_15,4.0,11_18_22_43,1.0,54,3.0,4_30_62,18 - 43
917 kg (114.63 kg),28 ans,27 ans,199 cm,France : 73% (11/15) Tonga : 7% (1/15) New Zealand : 7% (1/15) England : 7% (1/15) South Africa : 7% (1/15),France : 61% (14/23) South Africa : 9% (2/23) Tonga : 4% (1/23) New Zealand : 4% (1/23) England : 4% (1/23) Italy : 4% (1/23) Australia : 4% (1/23) Spain : 4% (1/23) Argentina : 4% (1/23),PRO JIFF PLAYER + ACADEMY JIFF PLAYER : 13 / 15 (87 %)  PRO NON-JIFF PLAYER : 2 / 15 (13 %)  ACADEMY NON-JIFF PLAYER : 0 / 15 (0 %)  PRO JIFF PLAYER + ACADEMY JIFF PLAYER: 18 / 23 (78%)  PRO NON-JIFF PLAYER : 5 / 23 (22 %)  ACADEMY NON-JIFF PLAYER : 0 / 23 (0 %),Paris,950 kg (118.75 kg),33 ans,29 ans,200 cm,France : 47% (7/15) New Zealand : 27% (4/15) Namibia : 7% (1/15) Argentina : 7% (1/15) Tonga : 7% (1/15) Fiji : 7% (1/15),France : 48% (11/23) New Zealand : 22% (5/23) Argentina : 9% (2/23) Fiji : 9% (2/23) Namibia : 4% (1/23) Tonga : 4% (1/23) South Africa : 4% (1/23),PRO JIFF PLAYER + ACADEMY JIFF PLAYER : 7 / 15 (47 %)  PRO NON-JIFF PLAYER : 8 / 15 (53 %)  ACADEMY NON-JIFF PLAYER : 0 / 15 (0 %)  PRO JIFF PLAYER + ACADEMY JIFF PLAYER : 13 / 23 (57%)  PRO NON-JIFF PLAYER : 10 / 23 (43 %)  ACADEMY NON-JIFF PLAYER : 0 / 23 (0 %),Vannes," Date :  Saturday, September 14, 2024 Kick Off : 14:30 Venue : Stade Jean Bouin Tournament : Top 14 Round : pool stage  All times shown are french time,refresh to see your local time. ",5.0,21_31_42_8_4,5.0,26_52_43_78_50,1.0,74,0.0,,3.0,22_32_43,3.0,51_53_79,34 - 31
914 kg (114.25 kg),28 ans,27 ans,202 cm,France : 60% (9/15) England : 13% (2/15) South Africa : 7% (1/15) Samoa : 7% (1/15) Italy : 7% (1/15) Tonga : 7% (1/15),France : 65% (15/23) England : 9% (2/23) South Africa : 4% (1/23) Samoa : 4% (1/23) Italy : 4% (1/23) Tonga : 4% (1/23) Cameroon : 4% (1/23) Fiji : 4% (1/23),PRO JIFF PLAYER + ACADEMY JIFF PLAYER : 9 / 15 (60 %)  PRO NON-JIFF PLAYER : 6 / 15 (40 %)  ACADEMY NON-JIFF PLAYER : 0 / 15 (0 %)  PRO JIFF PLAYER + ACADEMY JIFF PLAYER: 17 / 23 (74%)  PRO NON-JIFF PLAYER : 6 / 23 (26 %)  ACADEMY NON-JIFF PLAYER : 0 / 23 (0 %),Toulon,916 kg (114.50 kg),29 ans,26 ans,205 cm,France : 67% (10/15) New Zealand : 13% (2/15) England : 7% (1/15) Canada : 7% (1/15) Fiji : 7% (1/15),France : 65% (15/23) New Zealand : 9% (2/23) Fiji : 9% (2/23) England : 4% (1/23) Canada : 4% (1/23) Uruguay : 4% (1/23) Georgia : 4% (1/23),PRO JIFF PLAYER + ACADEMY JIFF PLAYER : 10 / 15 (67 %)  PRO NON-JIFF PLAYER : 5 / 15 (33 %)  ACADEMY NON-JIFF PLAYER : 0 / 15 (0 %)  PRO JIFF PLAYER + ACADEMY JIFF PLAYER : 17 / 23 (74%)  PRO NON-JIFF PLAYER : 6 / 23 (26 %)  ACADEMY NON-JIFF PLAYER : 0 / 23 (0 %),Castres," Date :  Saturday, September 14, 2024 Kick Off : 14:30 Venue : Stade Mayol Tournament : Top 14 Round : pool stage  All times shown are french time,refresh to see your local time. ",3.0,56_25_79,3.0,39_43_7,3.0,19_41_60,3.0,34_52_71,3.0,26_57_80,2.0,8_40,30 - 28
944 kg (118.00 kg),27 ans,28 ans,203 cm,France : 47% (7/15) England : 33% (5/15) Georgia : 7% (1/15) South Africa : 7% (1/15) Fiji : 7% (1/15),France : 52% (12/23) England : 22% (5/23) Georgia : 9% (2/23) Fiji : 9% (2/23) South Africa : 4% (1/23) Argentina : 4% (1/23),PRO JIFF PLAYER + ACADEMY JIFF PLAYER : 9 / 15 (60 %)  PRO NON-JIFF PLAYER : 5 / 15 (33 %)  ACADEMY NON-JIFF PLAYER : 1 / 15 (7 %)  PRO JIFF PLAYER + ACADEMY JIFF PLAYER: 15 / 23 (65%)  PRO NON-JIFF PLAYER : 7 / 23 (30 %)  ACADEMY NON-JIFF PLAYER : 1 / 23 (4 %),Racing 92,902 kg (112.75 kg),27 ans,26 ans,198 cm,France : 80% (12/15) Australia : 7% (1/15) Moldova : 7% (1/15) Fiji : 7% (1/15),France : 74% (17/23) Fiji : 9% (2/23) Australia : 4% (1/23) Moldova : 4% (1/23) Georgia : 4% (1/23) Tonga : 4% (1/23),PRO JIFF PLAYER + ACADEMY JIFF PLAYER : 13 / 15 (87 %)  PRO NON-JIFF PLAYER : 2 / 15 (13 %)  ACADEMY NON-JIFF PLAYER : 0 / 15 (0 %)  PRO JIFF PLAYER + ACADEMY JIFF PLAYER : 20 / 23 (87%)  PRO NON-JIFF PLAYER : 3 / 23 (13 %)  ACADEMY NON-JIFF PLAYER : 0 / 23 (0 %),Clermont," Date :  Saturday, September 14, 2024 Kick Off : 16:30 Venue : Stade Dominique Duvauchelle Tournament : Top 14 Round : pool stage  All times shown are french time,refresh to see your local time. ",4.0,6_69_63_66,2.0,35_61,3.0,30_41_45,2.0,11_17,2.0,7_70,2.0,36_62,33 - 20
904 kg (113.00 kg),27 ans,26 ans,204 cm,France : 73% (11/15) England : 13% (2/15) Georgia : 7% (1/15) Australia : 7% (1/15),France : 61% (14/23) England : 17% (4/23) Georgia : 4% (1/23) Australia : 4% (1/23) Fiji : 4% (1/23) Samoa : 4% (1/23) Spain : 4% (1/23),PRO JIFF PLAYER + ACADEMY JIFF PLAYER : 12 / 15 (80 %)  PRO NON-JIFF PLAYER : 3 / 15 (20 %)  ACADEMY NON-JIFF PLAYER : 0 / 15 (0 %)  PRO JIFF PLAYER + ACADEMY JIFF PLAYER: 17 / 23 (74%)  PRO NON-JIFF PLAYER : 6 / 23 (26 %)  ACADEMY NON-JIFF PLAYER : 0 / 23 (0 %),Pau,920 kg (115.00 kg),29 ans,26 ans,202 cm,France : 67% (10/15) Fiji : 13% (2/15) England : 7% (1/15) Argentina : 7% (1/15) South Africa : 7% (1/15),France : 70% (16/23) Fiji : 9% (2/23) Argentina : 9% (2/23) England : 4% (1/23) South Africa : 4% (1/23) Tonga : 4% (1/23),PRO JIFF PLAYER + ACADEMY JIFF PLAYER : 10 / 15 (67 %)  PRO NON-JIFF PLAYER : 5 / 15 (33 %)  ACADEMY NON-JIFF PLAYER : 0 / 15 (0 %)  PRO JIFF PLAYER + ACADEMY JIFF PLAYER : 17 / 23 (74%)  PRO NON-JIFF PLAYER : 6 / 23 (26 %)  ACADEMY NON-JIFF PLAYER : 0 / 23 (0 %),Bayonne," Date :  Saturday, September 14, 2024 Kick Off : 16:30 Venue : Stade du Hameau Tournament : Top 14 Round : pool stage  All times shown are french time,refresh to see your local time. ",7.0,27_22_52_58_81_50_75,4.0,55_70_47_64,2.0,17_35,1.0,7,5.0,23_28_51_59_76,3.0,48_56_71,51 - 29
972 kg (121.50 kg),29 ans,28 ans,198 cm,France : 20% (3/15) Samoa : 20% (3/15) Italy : 13% (2/15) South Africa : 13% (2/15) Fiji : 13% (2/15) Australia : 7% (1/15) England : 7% (1/15) Argentina : 7% (1/15),France : 35% (8/23) Samoa : 13% (3/23) Fiji : 13% (3/23) Italy : 9% (2/23) South Africa : 9% (2/23) England : 9% (2/23) Australia : 4% (1/23) Argentina : 4% (1/23) Georgia : 4% (1/23),PRO JIFF PLAYER + ACADEMY JIFF PLAYER : 8 / 15 (53 %)  PRO NON-JIFF PLAYER : 7 / 15 (47 %)  ACADEMY NON-JIFF PLAYER : 0 / 15 (0 %)  PRO JIFF PLAYER + ACADEMY JIFF PLAYER: 15 / 23 (65%)  PRO NON-JIFF PLAYER : 8 / 23 (35 %)  ACADEMY NON-JIFF PLAYER : 0 / 23 (0 %),Perpignan,944 kg (118.00 kg),27 ans,27 ans,196 cm,France : 53% (8/15) Georgia : 13% (2/15) Canada : 7% (1/15) Australia : 7% (1/15) Argentina : 7% (1/15) New Zealand : 7% (1/15) Congo : 7% (1/15),France : 65% (15/23) Georgia : 9% (2/23) Canada : 4% (1/23) Australia : 4% (1/23) Argentina : 4% (1/23) New Zealand : 4% (1/23) Congo : 4% (1/23) England : 4% (1/23),PRO JIFF PLAYER + ACADEMY JIFF PLAYER : 11 / 15 (73 %)  PRO NON-JIFF PLAYER : 4 / 15 (27 %)  ACADEMY NON-JIFF PLAYER : 0 / 15 (0 %)  PRO JIFF PLAYER + ACADEMY JIFF PLAYER : 18 / 23 (78%)  PRO NON-JIFF PLAYER : 5 / 23 (22 %)  ACADEMY NON-JIFF PLAYER : 0 / 23 (0 %),Montpellier," Date :  Saturday, September 14, 2024 Kick Off : 16:30 Venue : Stade Raoul-Barriere Tournament : Top 14 Round : pool stage  All times shown are french time,refresh to see your local time. ",1.0,48,2.0,78_11,0.0,,3.0,29_45_62,1.0,49,2.0,12_79,7 - 26
911 kg (113.88 kg),29 ans,27 ans,197 cm,France : 53% (8/15) New Zealand : 13% (2/15) Georgia : 13% (2/15) Fiji : 7% (1/15) South Africa : 7% (1/15) Australia : 7% (1/15),France : 65% (15/23) New Zealand : 9% (2/23) Georgia : 9% (2/23) Fiji : 4% (1/23) South Africa : 4% (1/23) Australia : 4% (1/23) Portugal : 4% (1/23),PRO JIFF PLAYER + ACADEMY JIFF PLAYER : 10 / 15 (67 %)  PRO NON-JIFF PLAYER : 5 / 15 (33 %)  ACADEMY NON-JIFF PLAYER : 0 / 15 (0 %)  PRO JIFF PLAYER + ACADEMY JIFF PLAYER: 18 / 23 (78%)  PRO NON-JIFF PLAYER : 5 / 23 (22 %)  ACADEMY NON-JIFF PLAYER : 0 / 23 (0 %),Lyon,904 kg (113.00 kg),26 ans,27 ans,198 cm,France : 80% (12/15) Scotland : 7% (1/15) New Zealand : 7% (1/15) Australia : 7% (1/15),France : 83% (19/23) Scotland : 4% (1/23) New Zealand : 4% (1/23) Australia : 4% (1/23) Tonga : 4% (1/23),PRO JIFF PLAYER + ACADEMY JIFF PLAYER : 12 / 15 (80 %)  PRO NON-JIFF PLAYER : 3 / 15 (20 %)  ACADEMY NON-JIFF PLAYER : 0 / 15 (0 %)  PRO JIFF PLAYER + ACADEMY JIFF PLAYER : 19 / 23 (83%)  PRO NON-JIFF PLAYER : 4 / 23 (17 %)  ACADEMY NON-JIFF PLAYER : 0 / 23 (0 %),Bordeaux," Date :  Saturday, September 14, 2024 Kick Off : 21:05 Venue : Matmut Stadium de Gerland Tournament : Top 14 Round : pool stage  All times shown are french time,refresh to see your local time. ",3.0,42_9_21,3.0,31_33_78,3.0,39_62_81,3.0,41_59_66,2.0,10_43,1.0,32,28 - 26
920 kg (115.00 kg),28 ans,26 ans,203 cm,France : 73% (11/15) Ireland : 7% (1/15) England : 7% (1/15) New Zealand : 7% (1/15) Scotland : 7% (1/15),France : 65% (15/23) Australia : 9% (2/23) Ireland : 4% (1/23) England : 4% (1/23) New Zealand : 4% (1/23) Scotland : 4% (1/23) Japan : 4% (1/23) United-States : 4% (1/23),PRO JIFF PLAYER + ACADEMY JIFF PLAYER : 11 / 15 (73 %)  PRO NON-JIFF PLAYER : 4 / 15 (27 %)  ACADEMY NON-JIFF PLAYER : 0 / 15 (0 %)  PRO JIFF PLAYER + ACADEMY JIFF PLAYER: 17 / 23 (74%)  PRO NON-JIFF PLAYER : 6 / 23 (26 %)  ACADEMY NON-JIFF PLAYER : 0 / 23 (0 %),Toulouse,915 kg (114.38 kg),28 ans,28 ans,202 cm,France : 67% (10/15) Australia : 13% (2/15) New Zealand : 7% (1/15) South Africa : 7% (1/15) England : 7% (1/15),France : 65% (15/23) Australia : 9% (2/23) New Zealand : 9% (2/23) South Africa : 4% (1/23) England : 4% (1/23) Ireland : 4% (1/23) Georgia : 4% (1/23),PRO JIFF PLAYER + ACADEMY JIFF PLAYER : 11 / 15 (73 %)  PRO NON-JIFF PLAYER : 4 / 15 (27 %)  ACADEMY NON-JIFF PLAYER : 0 / 15 (0 %)  PRO JIFF PLAYER + ACADEMY JIFF PLAYER : 17 / 23 (74%)  PRO NON-JIFF PLAYER : 6 / 23 (26 %)  ACADEMY NON-JIFF PLAYER : 0 / 23 (0 %),La Rochelle," Date :  Sunday, September 15, 2024 Kick Off : 21:05 Venue : Stade Ernest-Wallon Tournament : Top 14 Round : pool stage  All times shown are french time,refresh to see your local time. ",4.0,26_23_42_68,2.0,19_56,3.0,32_54_63,2.0,35_43,3.0,24_27_69,3.0,20_53_57,35 - 27
944 kg (118.00 kg),27 ans,27 ans,196 cm,France : 47% (7/15) Georgia : 13% (2/15) Canada : 7% (1/15) Australia : 7% (1/15) Argentina : 7% (1/15) New Zealand : 7% (1/15) Congo : 7% (1/15) Scotland : 7% (1/15),France : 61% (14/23) Georgia : 9% (2/23) Canada : 4% (1/23) Australia : 4% (1/23) Argentina : 4% (1/23) New Zealand : 4% (1/23) Congo : 4% (1/23) Scotland : 4% (1/23) England : 4% (1/23),PRO JIFF PLAYER + ACADEMY JIFF PLAYER : 10 / 15 (67 %)  PRO NON-JIFF PLAYER : 5 / 15 (33 %)  ACADEMY NON-JIFF PLAYER : 0 / 15 (0 %)  PRO JIFF PLAYER + ACADEMY JIFF PLAYER: 17 / 23 (74%)  PRO NON-JIFF PLAYER : 6 / 23 (26 %)  ACADEMY NON-JIFF PLAYER : 0 / 23 (0 %),Montpellier,956 kg (119.50 kg),26 ans,25 ans,208 cm,France : 60% (9/15) Australia : 13% (2/15) United-States : 7% (1/15) England : 7% (1/15) Japan : 7% (1/15) Scotland : 7% (1/15),France : 70% (16/23) Australia : 9% (2/23) United-States : 4% (1/23) England : 4% (1/23) Japan : 4% (1/23) Scotland : 4% (1/23) Spain : 4% (1/23),PRO JIFF PLAYER + ACADEMY JIFF PLAYER : 11 / 15 (73 %)  PRO NON-JIFF PLAYER : 4 / 15 (27 %)  ACADEMY NON-JIFF PLAYER : 0 / 15 (0 %)  PRO JIFF PLAYER + ACADEMY JIFF PLAYER : 18 / 23 (78%)  PRO NON-JIFF PLAYER : 5 / 23 (22 %)  ACADEMY NON-JIFF PLAYER : 0 / 23 (0 %),Toulouse," Date :  Saturday, September 21, 2024 Kick Off : 14:30 Venue : GGL Stadium Tournament : Top 14 Round : pool stage  All times shown are french time,refresh to see your local time. ",1.0,38,2.0,18_46,2.0,7_32,2.0,9_44,0.0,,2.0,19_47,11 - 20
916 kg (114.50 kg),29 ans,26 ans,205 cm,France : 67% (10/15) New Zealand : 13% (2/15) England : 7% (1/15) Fiji : 7% (1/15) Cameroon : 7% (1/15),France : 74% (17/23) New Zealand : 9% (2/23) England : 4% (1/23) Fiji : 4% (1/23) Cameroon : 4% (1/23) Uruguay : 4% (1/23),PRO JIFF PLAYER + ACADEMY JIFF PLAYER : 10 / 15 (67 %)  PRO NON-JIFF PLAYER : 5 / 15 (33 %)  ACADEMY NON-JIFF PLAYER : 0 / 15 (0 %)  PRO JIFF PLAYER + ACADEMY JIFF PLAYER: 17 / 23 (74%)  PRO NON-JIFF PLAYER : 6 / 23 (26 %)  ACADEMY NON-JIFF PLAYER : 0 / 23 (0 %),Castres,931 kg (116.38 kg),26 ans,27 ans,202 cm,France : 60% (9/15) Fiji : 13% (2/15) England : 7% (1/15) Samoa : 7% (1/15) South Africa : 7% (1/15) Georgia : 7% (1/15),France : 52% (12/23) Fiji : 13% (3/23) Samoa : 9% (2/23) South Africa : 9% (2/23) Georgia : 9% (2/23) England : 4% (1/23) Australia : 4% (1/23),PRO JIFF PLAYER + ACADEMY JIFF PLAYER : 14 / 15 (93 %)  PRO NON-JIFF PLAYER : 1 / 15 (7 %)  ACADEMY NON-JIFF PLAYER : 0 / 15 (0 %)  PRO JIFF PLAYER + ACADEMY JIFF PLAYER : 18 / 23 (78%)  PRO NON-JIFF PLAYER : 5 / 23 (22 %)  ACADEMY NON-JIFF PLAYER : 0 / 23 (0 %),Perpignan," Date :  Saturday, September 21, 2024 Kick Off : 16:30 Venue : Stade Pierre Fabre Tournament : Top 14 Round : pool stage  All times shown are french time,refresh to see your local time. ",3.0,40_59_82,0.0,,2.0,22_67,4.0,6_21_26_36,3.0,41_60_83,0.0,,27 - 12
938 kg (117.25 kg),30 ans,26 ans,198 cm,France : 40% (6/15) Fiji : 20% (3/15) Australia : 13% (2/15) Georgia : 7% (1/15) Moldova : 7% (1/15) Samoa : 7% (1/15) Tonga : 7% (1/15),France : 57% (13/23) Fiji : 13% (3/23) Australia : 9% (2/23) Georgia : 4% (1/23) Moldova : 4% (1/23) Samoa : 4% (1/23) Tonga : 4% (1/23) Argentina : 4% (1/23),PRO JIFF PLAYER + ACADEMY JIFF PLAYER : 10 / 15 (67 %)  PRO NON-JIFF PLAYER : 5 / 15 (33 %)  ACADEMY NON-JIFF PLAYER : 0 / 15 (0 %)  PRO JIFF PLAYER + ACADEMY JIFF PLAYER: 17 / 23 (74%)  PRO NON-JIFF PLAYER : 6 / 23 (26 %)  ACADEMY NON-JIFF PLAYER : 0 / 23 (0 %),Clermont,924 kg (115.50 kg),27 ans,27 ans,203 cm,France : 73% (11/15) New Zealand : 7% (1/15) England : 7% (1/15) Germany : 7% (1/15) Fiji : 7% (1/15),France : 78% (18/23) Fiji : 9% (2/23) New Zealand : 4% (1/23) England : 4% (1/23) Germany : 4% (1/23),PRO JIFF PLAYER + ACADEMY JIFF PLAYER : 12 / 15 (80 %)  PRO NON-JIFF PLAYER : 3 / 15 (20 %)  ACADEMY NON-JIFF PLAYER : 0 / 15 (0 %)  PRO JIFF PLAYER + ACADEMY JIFF PLAYER : 19 / 23 (83%)  PRO NON-JIFF PLAYER : 4 / 23 (17 %)  ACADEMY NON-JIFF PLAYER : 0 / 23 (0 %),Bayonne," Date :  Saturday, September 21, 2024 Kick Off : 16:30 Venue : Stade Marcel Michelin Tournament : Top 14 Round : pool stage  All times shown are french time,refresh to see your local time. ",4.0,19_45_14_50,1.0,58,0.0,,1.0,3,3.0,15_20_46,1.0,59,26 - 10
922 kg (115.25 kg),32 ans,28 ans,200 cm,France : 47% (7/15) New Zealand : 27% (4/15) Argentina : 13% (2/15) Namibia : 7% (1/15) Fiji : 7% (1/15),France : 57% (13/23) New Zealand : 17% (4/23) Argentina : 9% (2/23) Fiji : 9% (2/23) Namibia : 4% (1/23) South Africa : 4% (1/23),PRO JIFF PLAYER + ACADEMY JIFF PLAYER : 7 / 15 (47 %)  PRO NON-JIFF PLAYER : 8 / 15 (53 %)  ACADEMY NON-JIFF PLAYER : 0 / 15 (0 %)  PRO JIFF PLAYER + ACADEMY JIFF PLAYER: 15 / 23 (65%)  PRO NON-JIFF PLAYER : 8 / 23 (35 %)  ACADEMY NON-JIFF PLAYER : 0 / 23 (0 %),Vannes,907 kg (113.38 kg),27 ans,27 ans,200 cm,France : 60% (9/15) New Zealand : 13% (2/15) Georgia : 13% (2/15) South Africa : 7% (1/15) Fiji : 7% (1/15),France : 65% (15/23) Georgia : 13% (3/23) New Zealand : 9% (2/23) Fiji : 9% (2/23) South Africa : 4% (1/23),PRO JIFF PLAYER + ACADEMY JIFF PLAYER : 11 / 15 (73 %)  PRO NON-JIFF PLAYER : 4 / 15 (27 %)  ACADEMY NON-JIFF PLAYER : 0 / 15 (0 %)  PRO JIFF PLAYER + ACADEMY JIFF PLAYER : 18 / 23 (78%)  PRO NON-JIFF PLAYER : 5 / 23 (22 %)  ACADEMY NON-JIFF PLAYER : 0 / 23 (0 %),Lyon," Date :  Saturday, September 21, 2024 Kick Off : 16:30 Venue : Stade de la Rabine Tournament : Top 14 Round : pool stage  All times shown are french time,refresh to see your local time. ",3.0,73_47_35,2.0,12_58,3.0,7_26_64,2.0,33_67,3.0,36_48_74,2.0,13_60,30 - 20
960 kg (120.00 kg),28 ans,27 ans,203 cm,France : 60% (9/15) New Zealand : 13% (2/15) Australia : 7% (1/15) South Africa : 7% (1/15) Fiji : 7% (1/15) England : 7% (1/15),France : 65% (15/23) New Zealand : 9% (2/23) Australia : 4% (1/23) South Africa : 4% (1/23) Fiji : 4% (1/23) England : 4% (1/23) Tonga : 4% (1/23) Georgia : 4% (1/23),PRO JIFF PLAYER + ACADEMY JIFF PLAYER : 10 / 15 (67 %)  PRO NON-JIFF PLAYER : 5 / 15 (33 %)  ACADEMY NON-JIFF PLAYER : 0 / 15 (0 %)  PRO JIFF PLAYER + ACADEMY JIFF PLAYER: 17 / 23 (74%)  PRO NON-JIFF PLAYER : 6 / 23 (26 %)  ACADEMY NON-JIFF PLAYER : 0 / 23 (0 %),La Rochelle,953 kg (119.13 kg),27 ans,26 ans,200 cm,France : 53% (8/15) England : 13% (2/15) Australia : 13% (2/15) Georgia : 7% (1/15) Fiji : 7% (1/15) Samoa : 7% (1/15),France : 57% (13/23) England : 17% (4/23) Australia : 9% (2/23) Georgia : 4% (1/23) Fiji : 4% (1/23) Samoa : 4% (1/23) Spain : 4% (1/23),PRO JIFF PLAYER + ACADEMY JIFF PLAYER : 10 / 15 (67 %)  PRO NON-JIFF PLAYER : 4 / 15 (27 %)  ACADEMY NON-JIFF PLAYER : 1 / 15 (7 %)  PRO JIFF PLAYER + ACADEMY JIFF PLAYER : 16 / 23 (70%)  PRO NON-JIFF PLAYER : 6 / 23 (26 %)  ACADEMY NON-JIFF PLAYER : 1 / 23 (4 %),Pau," Date :  Saturday, September 21, 2024 Kick Off : 16:30 Venue : Stade Marcel-Deflandre Tournament : Top 14 Round : pool stage  All times shown are french time,refresh to see your local time. ",7.0,22_26_36_45_73_3_59,3.0,11_48_77,1.0,40,2.0,15_55,2.0,46_60,2.0,50_78,49 - 25
927 kg (115.88 kg),26 ans,27 ans,198 cm,France : 87% (13/15) South Africa : 7% (1/15) Scotland : 7% (1/15),France : 74% (17/23) South Africa : 9% (2/23) Australia : 9% (2/23) Scotland : 4% (1/23) Tonga : 4% (1/23),PRO JIFF PLAYER + ACADEMY JIFF PLAYER : 13 / 15 (87 %)  PRO NON-JIFF PLAYER : 2 / 15 (13 %)  ACADEMY NON-JIFF PLAYER : 0 / 15 (0 %)  PRO JIFF PLAYER + ACADEMY JIFF PLAYER: 17 / 23 (74%)  PRO NON-JIFF PLAYER : 6 / 23 (26 %)  ACADEMY NON-JIFF PLAYER : 0 / 23 (0 %),Bordeaux,906 kg (113.25 kg),26 ans,28 ans,200 cm,France : 53% (8/15) England : 27% (4/15) Georgia : 7% (1/15) South Africa : 7% (1/15) Fiji : 7% (1/15),France : 57% (13/23) England : 22% (5/23) Georgia : 9% (2/23) South Africa : 4% (1/23) Fiji : 4% (1/23) Chile : 4% (1/23),PRO JIFF PLAYER + ACADEMY JIFF PLAYER : 10 / 15 (67 %)  PRO NON-JIFF PLAYER : 4 / 15 (27 %)  ACADEMY NON-JIFF PLAYER : 1 / 15 (7 %)  PRO JIFF PLAYER + ACADEMY JIFF PLAYER : 16 / 23 (70%)  PRO NON-JIFF PLAYER : 6 / 23 (26 %)  ACADEMY NON-JIFF PLAYER : 1 / 23 (4 %),Racing 92," Date :  Saturday, September 21, 2024 Kick Off : 21:05 Venue : Stade Chaban-Delmas Tournament : Top 14 Round : pool stage  All times shown are french time,refresh to see your local time. ",8.0,31_17_19_53_45_9_12_71,5.0,24_78_38_62_76,0.0,,1.0,7,6.0,13_20_32_46_54_72,3.0,25_39_79,52 - 34
950 kg (118.75 kg),29 ans,27 ans,200 cm,France : 53% (8/15) South Africa : 13% (2/15) Australia : 7% (1/15) Italy : 7% (1/15) Argentina : 7% (1/15) New Zealand : 7% (1/15) England : 7% (1/15),France : 57% (13/23) South Africa : 9% (2/23) England : 9% (2/23) Australia : 4% (1/23) Italy : 4% (1/23) Argentina : 4% (1/23) New Zealand : 4% (1/23) Tonga : 4% (1/23) Spain : 4% (1/23),PRO JIFF PLAYER + ACADEMY JIFF PLAYER : 9 / 15 (60 %)  PRO NON-JIFF PLAYER : 6 / 15 (40 %)  ACADEMY NON-JIFF PLAYER : 0 / 15 (0 %)  PRO JIFF PLAYER + ACADEMY JIFF PLAYER: 16 / 23 (70%)  PRO NON-JIFF PLAYER : 7 / 23 (30 %)  ACADEMY NON-JIFF PLAYER : 0 / 23 (0 %),Paris,900 kg (112.50 kg),27 ans,26 ans,203 cm,France : 47% (7/15) Italy : 13% (2/15) England : 13% (2/15) Fiji : 13% (2/15) South Africa : 7% (1/15) Argentina : 7% (1/15),France : 61% (14/23) Italy : 9% (2/23) England : 9% (2/23) Fiji : 9% (2/23) South Africa : 4% (1/23) Argentina : 4% (1/23) Cameroon : 4% (1/23),PRO JIFF PLAYER + ACADEMY JIFF PLAYER : 8 / 15 (53 %)  PRO NON-JIFF PLAYER : 7 / 15 (47 %)  ACADEMY NON-JIFF PLAYER : 0 / 15 (0 %)  PRO JIFF PLAYER + ACADEMY JIFF PLAYER : 16 / 23 (70%)  PRO NON-JIFF PLAYER : 7 / 23 (30 %)  ACADEMY NON-JIFF PLAYER : 0 / 23 (0 %),Toulon," Date :  Sunday, September 22, 2024 Kick Off : 21:05 Venue : Stade Jean Bouin Tournament : Top 14 Round : pool stage  All times shown are french time,refresh to see your local time. ",1.0,62,1.0,27,1.0,46,3.0,11_52_57,1.0,63,0.0,,10 - 14
933 kg (116.63 kg),28 ans,28 ans,198 cm,France : 47% (7/15) Samoa : 13% (2/15) South Africa : 13% (2/15) England : 7% (1/15) Australia : 7% (1/15) Argentina : 7% (1/15) Fiji : 7% (1/15),France : 48% (11/23) Samoa : 13% (3/23) South Africa : 9% (2/23) Fiji : 9% (2/23) England : 4% (1/23) Australia : 4% (1/23) Argentina : 4% (1/23) Georgia : 4% (1/23) Italy : 4% (1/23),PRO JIFF PLAYER + ACADEMY JIFF PLAYER : 9 / 15 (60 %)  PRO NON-JIFF PLAYER : 6 / 15 (40 %)  ACADEMY NON-JIFF PLAYER : 0 / 15 (0 %)  PRO JIFF PLAYER + ACADEMY JIFF PLAYER: 15 / 23 (65%)  PRO NON-JIFF PLAYER : 8 / 23 (35 %)  ACADEMY NON-JIFF PLAYER : 0 / 23 (0 %),Perpignan,910 kg (113.75 kg),27 ans,29 ans,204 cm,France : 60% (9/15) Fiji : 13% (2/15) Australia : 7% (1/15) Germany : 7% (1/15) Samoa : 7% (1/15) Tonga : 7% (1/15),France : 48% (11/23) Fiji : 13% (3/23) Australia : 9% (2/23) Germany : 4% (1/23) Samoa : 4% (1/23) Tonga : 4% (1/23) Georgia : 4% (1/23) Argentina : 4% (1/23) New Zealand : 4% (1/23) Moldova : 4% (1/23),PRO JIFF PLAYER + ACADEMY JIFF PLAYER : 11 / 15 (73 %)  PRO NON-JIFF PLAYER : 4 / 15 (27 %)  ACADEMY NON-JIFF PLAYER : 0 / 15 (0 %)  PRO JIFF PLAYER + ACADEMY JIFF PLAYER : 16 / 23 (70%)  PRO NON-JIFF PLAYER : 7 / 23 (30 %)  ACADEMY NON-JIFF PLAYER : 0 / 23 (0 %),Clermont," Date :  Saturday, September 28, 2024 Kick Off : 14:30 Venue : Stade Aimé Giral Tournament : Top 14 Round : pool stage  All times shown are french time,refresh to see your local time. ",4.0,19_62_11_79,0.0,,3.0,31_40_45,1.0,28,2.0,12_63,0.0,,33 - 3
926 kg (115.75 kg),28 ans,26 ans,203 cm,France : 53% (8/15) England : 13% (2/15) Cameroon : 7% (1/15) Samoa : 7% (1/15) Argentina : 7% (1/15) Tonga : 7% (1/15) Fiji : 7% (1/15),France : 65% (15/23) England : 9% (2/23) Cameroon : 4% (1/23) Samoa : 4% (1/23) Argentina : 4% (1/23) Tonga : 4% (1/23) Fiji : 4% (1/23) Italy : 4% (1/23),PRO JIFF PLAYER + ACADEMY JIFF PLAYER : 10 / 15 (67 %)  PRO NON-JIFF PLAYER : 5 / 15 (33 %)  ACADEMY NON-JIFF PLAYER : 0 / 15 (0 %)  PRO JIFF PLAYER + ACADEMY JIFF PLAYER: 17 / 23 (74%)  PRO NON-JIFF PLAYER : 6 / 23 (26 %)  ACADEMY NON-JIFF PLAYER : 0 / 23 (0 %),Toulon,906 kg (113.25 kg),27 ans,26 ans,202 cm,France : 73% (11/15) New Zealand : 13% (2/15) Germany : 7% (1/15) Fiji : 7% (1/15),France : 70% (16/23) New Zealand : 9% (2/23) Germany : 4% (1/23) Fiji : 4% (1/23) Belgium : 4% (1/23) South Africa : 4% (1/23) Tonga : 4% (1/23),PRO JIFF PLAYER + ACADEMY JIFF PLAYER : 13 / 15 (87 %)  PRO NON-JIFF PLAYER : 2 / 15 (13 %)  ACADEMY NON-JIFF PLAYER : 0 / 15 (0 %)  PRO JIFF PLAYER + ACADEMY JIFF PLAYER : 20 / 23 (87%)  PRO NON-JIFF PLAYER : 3 / 23 (13 %)  ACADEMY NON-JIFF PLAYER : 0 / 23 (0 %),Vannes," Date :  Saturday, September 28, 2024 Kick Off : 16:30 Venue : Stade Mayol Tournament : Top 14 Round : pool stage  All times shown are french time,refresh to see your local time. ",8.0,79_11_26_68_71_54_74_62,3.0,32_38_46,0.0,,0.0,,7.0,13_27_55_61_69_75_80,2.0,31_39,54 - 19
908 kg (113.50 kg),25 ans,27 ans,204 cm,France : 40% (6/15) England : 33% (5/15) Georgia : 13% (2/15) South Africa : 7% (1/15) Fiji : 7% (1/15),France : 48% (11/23) England : 26% (6/23) Georgia : 9% (2/23) South Africa : 9% (2/23) Fiji : 4% (1/23) Chile : 4% (1/23),PRO JIFF PLAYER + ACADEMY JIFF PLAYER : 9 / 15 (60 %)  PRO NON-JIFF PLAYER : 4 / 15 (27 %)  ACADEMY NON-JIFF PLAYER : 2 / 15 (13 %)  PRO JIFF PLAYER + ACADEMY JIFF PLAYER: 14 / 23 (61%)  PRO NON-JIFF PLAYER : 7 / 23 (30 %)  ACADEMY NON-JIFF PLAYER : 2 / 23 (9 %),Racing 92,950 kg (118.75 kg),28 ans,30 ans,203 cm,France : 67% (10/15) New Zealand : 13% (2/15) South Africa : 7% (1/15) Australia : 7% (1/15) England : 7% (1/15),France : 65% (15/23) New Zealand : 13% (3/23) Australia : 9% (2/23) South Africa : 4% (1/23) England : 4% (1/23) Tonga : 4% (1/23),PRO JIFF PLAYER + ACADEMY JIFF PLAYER : 11 / 15 (73 %)  PRO NON-JIFF PLAYER : 4 / 15 (27 %)  ACADEMY NON-JIFF PLAYER : 0 / 15 (0 %)  PRO JIFF PLAYER + ACADEMY JIFF PLAYER : 16 / 23 (70%)  PRO NON-JIFF PLAYER : 7 / 23 (30 %)  ACADEMY NON-JIFF PLAYER : 0 / 23 (0 %),La Rochelle," Date :  Saturday, September 28, 2024 Kick Off : 16:30 Venue : Stade Dominique Duvauchelle Tournament : Top 14 Round : pool stage  All times shown are french time,refresh to see your local time. ",1.0,54,1.0,75,3.0,11_20_59,4.0,8_17_25_80,1.0,55,0.0,,16 - 17
895 kg (111.88 kg),28 ans,27 ans,197 cm,France : 67% (10/15) New Zealand : 7% (1/15) Georgia : 7% (1/15) South Africa : 7% (1/15) Australia : 7% (1/15) Fiji : 7% (1/15),France : 70% (16/23) Australia : 9% (2/23) Fiji : 9% (2/23) New Zealand : 4% (1/23) Georgia : 4% (1/23) South Africa : 4% (1/23),PRO JIFF PLAYER + ACADEMY JIFF PLAYER : 11 / 15 (73 %)  PRO NON-JIFF PLAYER : 4 / 15 (27 %)  ACADEMY NON-JIFF PLAYER : 0 / 15 (0 %)  PRO JIFF PLAYER + ACADEMY JIFF PLAYER: 17 / 23 (74%)  PRO NON-JIFF PLAYER : 6 / 23 (26 %)  ACADEMY NON-JIFF PLAYER : 0 / 23 (0 %),Lyon,910 kg (113.75 kg),26 ans,26 ans,200 cm,France : 80% (12/15) Uruguay : 7% (1/15) Fiji : 7% (1/15) Cameroon : 7% (1/15),France : 78% (18/23) Fiji : 9% (2/23) Uruguay : 4% (1/23) Cameroon : 4% (1/23) New Zealand : 4% (1/23),PRO JIFF PLAYER + ACADEMY JIFF PLAYER : 12 / 15 (80 %)  PRO NON-JIFF PLAYER : 3 / 15 (20 %)  ACADEMY NON-JIFF PLAYER : 0 / 15 (0 %)  PRO JIFF PLAYER + ACADEMY JIFF PLAYER : 19 / 23 (83%)  PRO NON-JIFF PLAYER : 4 / 23 (17 %)  ACADEMY NON-JIFF PLAYER : 0 / 23 (0 %),Castres," Date :  Saturday, September 28, 2024 Kick Off : 16:30 Venue : Matmut Stadium de Gerland Tournament : Top 14 Round : pool stage  All times shown are french time,refresh to see your local time. ",4.0,67_44_23_8,4.0,12_41_55_71,5.0,35_45_45_51_59,4.0,5_30_37_62,4.0,9_24_44_68,3.0,13_42_72,40 - 38
940 kg (117.50 kg),29 ans,27 ans,202 cm,France : 60% (9/15) Argentina : 7% (1/15) Tonga : 7% (1/15) England : 7% (1/15) Germany : 7% (1/15) South Africa : 7% (1/15) Fiji : 7% (1/15),France : 70% (16/23) Fiji : 9% (2/23) Argentina : 4% (1/23) Tonga : 4% (1/23) England : 4% (1/23) Germany : 4% (1/23) South Africa : 4% (1/23),PRO JIFF PLAYER + ACADEMY JIFF PLAYER : 11 / 15 (73 %)  PRO NON-JIFF PLAYER : 4 / 15 (27 %)  ACADEMY NON-JIFF PLAYER : 0 / 15 (0 %)  PRO JIFF PLAYER + ACADEMY JIFF PLAYER: 18 / 23 (78%)  PRO NON-JIFF PLAYER : 5 / 23 (22 %)  ACADEMY NON-JIFF PLAYER : 0 / 23 (0 %),Bayonne,917 kg (114.63 kg),25 ans,28 ans,203 cm,France : 60% (9/15) Georgia : 13% (2/15) Canada : 7% (1/15) England : 7% (1/15) Argentina : 7% (1/15) Congo : 7% (1/15),France : 61% (14/23) Georgia : 9% (2/23) Canada : 4% (1/23) England : 4% (1/23) Argentina : 4% (1/23) Congo : 4% (1/23) South Africa : 4% (1/23) Australia : 4% (1/23) New Zealand : 4% (1/23),PRO JIFF PLAYER + ACADEMY JIFF PLAYER : 12 / 15 (80 %)  PRO NON-JIFF PLAYER : 3 / 15 (20 %)  ACADEMY NON-JIFF PLAYER : 0 / 15 (0 %)  PRO JIFF PLAYER + ACADEMY JIFF PLAYER : 17 / 23 (74%)  PRO NON-JIFF PLAYER : 6 / 23 (26 %)  ACADEMY NON-JIFF PLAYER : 0 / 23 (0 %),Montpellier," Date :  Saturday, September 28, 2024 Kick Off : 16:30 Venue : Stade Jean Dauger Tournament : Top 14 Round : pool stage  All times shown are french time,refresh to see your local time. ",3.0,6_35_78,2.0,43_48,3.0,25_54_56,2.0,62_69,2.0,7_79,3.0,44_49_59,28 - 27
921 kg (115.13 kg),27 ans,26 ans,204 cm,France : 67% (10/15) England : 13% (2/15) Georgia : 7% (1/15) Samoa : 7% (1/15) Australia : 7% (1/15),France : 57% (13/23) England : 17% (4/23) Georgia : 9% (2/23) Samoa : 4% (1/23) Australia : 4% (1/23) Fiji : 4% (1/23) Spain : 4% (1/23),PRO JIFF PLAYER + ACADEMY JIFF PLAYER : 11 / 15 (73 %)  PRO NON-JIFF PLAYER : 4 / 15 (27 %)  ACADEMY NON-JIFF PLAYER : 0 / 15 (0 %)  PRO JIFF PLAYER + ACADEMY JIFF PLAYER: 17 / 23 (74%)  PRO NON-JIFF PLAYER : 6 / 23 (26 %)  ACADEMY NON-JIFF PLAYER : 0 / 23 (0 %),Pau,938 kg (117.25 kg),26 ans,27 ans,200 cm,France : 40% (6/15) South Africa : 20% (3/15) England : 13% (2/15) Australia : 7% (1/15) New Zealand : 7% (1/15) Spain : 7% (1/15) Fiji : 7% (1/15),France : 57% (13/23) South Africa : 13% (3/23) England : 9% (2/23) Australia : 4% (1/23) New Zealand : 4% (1/23) Spain : 4% (1/23) Fiji : 4% (1/23) Argentina : 4% (1/23),PRO JIFF PLAYER + ACADEMY JIFF PLAYER : 9 / 15 (60 %)  PRO NON-JIFF PLAYER : 6 / 15 (40 %)  ACADEMY NON-JIFF PLAYER : 0 / 15 (0 %)  PRO JIFF PLAYER + ACADEMY JIFF PLAYER : 16 / 23 (70%)  PRO NON-JIFF PLAYER : 7 / 23 (30 %)  ACADEMY NON-JIFF PLAYER : 0 / 23 (0 %),Paris," Date :  Saturday, September 28, 2024 Kick Off : 21:05 Venue : Stade du Hameau Tournament : Top 14 Round : pool stage  All times shown are french time,refresh to see your local time. ",4.0,56_79_53_66,1.0,20,2.0,16_45,3.0,11_40_49,2.0,57_67,1.0,21,30 - 16
942 kg (117.75 kg),27 ans,27 ans,203 cm,France : 73% (11/15) United-States : 7% (1/15) Australia : 7% (1/15) Scotland : 7% (1/15) New Zealand : 7% (1/15),France : 65% (15/23) Australia : 9% (2/23) United-States : 4% (1/23) Scotland : 4% (1/23) New Zealand : 4% (1/23) Ireland : 4% (1/23) Japan : 4% (1/23) Spain : 4% (1/23),PRO JIFF PLAYER + ACADEMY JIFF PLAYER : 12 / 15 (80 %)  PRO NON-JIFF PLAYER : 3 / 15 (20 %)  ACADEMY NON-JIFF PLAYER : 0 / 15 (0 %)  PRO JIFF PLAYER + ACADEMY JIFF PLAYER: 18 / 23 (78%)  PRO NON-JIFF PLAYER : 5 / 23 (22 %)  ACADEMY NON-JIFF PLAYER : 0 / 23 (0 %),Toulouse,914 kg (114.25 kg),28 ans,26 ans,198 cm,France : 73% (11/15) Scotland : 7% (1/15) Australia : 7% (1/15) Tonga : 7% (1/15) South Africa : 7% (1/15),France : 78% (18/23) South Africa : 9% (2/23) Scotland : 4% (1/23) Australia : 4% (1/23) Tonga : 4% (1/23),PRO JIFF PLAYER + ACADEMY JIFF PLAYER : 11 / 15 (73 %)  PRO NON-JIFF PLAYER : 4 / 15 (27 %)  ACADEMY NON-JIFF PLAYER : 0 / 15 (0 %)  PRO JIFF PLAYER + ACADEMY JIFF PLAYER : 18 / 23 (78%)  PRO NON-JIFF PLAYER : 5 / 23 (22 %)  ACADEMY NON-JIFF PLAYER : 0 / 23 (0 %),Bordeaux," Date :  Sunday, September 29, 2024 Kick Off : 21:05 Venue : Stade Ernest-Wallon Tournament : Top 14 Round : pool stage  All times shown are french time,refresh to see your local time. ",2.0,7_70,2.0,22_19,0.0,,2.0,15_75,1.0,8,0.0,,12 - 16
933 kg (116.63 kg),32 ans,29 ans,200 cm,France : 40% (6/15) New Zealand : 27% (4/15) Argentina : 13% (2/15) South Africa : 7% (1/15) Tonga : 7% (1/15) Fiji : 7% (1/15),France : 52% (12/23) New Zealand : 17% (4/23) Argentina : 9% (2/23) Fiji : 9% (2/23) South Africa : 4% (1/23) Tonga : 4% (1/23) Namibia : 4% (1/23),PRO JIFF PLAYER + ACADEMY JIFF PLAYER : 7 / 15 (47 %)  PRO NON-JIFF PLAYER : 8 / 15 (53 %)  ACADEMY NON-JIFF PLAYER : 0 / 15 (0 %)  PRO JIFF PLAYER + ACADEMY JIFF PLAYER: 14 / 23 (61%)  PRO NON-JIFF PLAYER : 9 / 23 (39 %)  ACADEMY NON-JIFF PLAYER : 0 / 23 (0 %),Vannes,895 kg (111.88 kg),26 ans,26 ans,204 cm,France : 60% (9/15) England : 20% (3/15) Fiji : 13% (2/15) South Africa : 7% (1/15),France : 57% (13/23) England : 17% (4/23) Fiji : 9% (2/23) Georgia : 9% (2/23) South Africa : 4% (1/23) Australia : 4% (1/23),PRO JIFF PLAYER + ACADEMY JIFF PLAYER : 10 / 15 (67 %)  PRO NON-JIFF PLAYER : 4 / 15 (27 %)  ACADEMY NON-JIFF PLAYER : 1 / 15 (7 %)  PRO JIFF PLAYER + ACADEMY JIFF PLAYER : 16 / 23 (70%)  PRO NON-JIFF PLAYER : 6 / 23 (26 %)  ACADEMY NON-JIFF PLAYER : 1 / 23 (4 %),Racing 92," Date :  Saturday, October 5, 2024 Kick Off : 14:30 Venue : Stade de la Rabine Tournament : Top 14 Round : pool stage  All times shown are french time,refresh to see your local time. ",3.0,41_8_79,3.0,15_65_57,1.0,23,2.0,34_71,3.0,9_42_80,3.0,16_58_66,24 - 27
897 kg (112.13 kg),28 ans,28 ans,202 cm,France : 67% (10/15) Samoa : 13% (2/15) England : 7% (1/15) Argentina : 7% (1/15) Fiji : 7% (1/15),France : 48% (11/23) Argentina : 13% (3/23) Samoa : 9% (2/23) Fiji : 9% (2/23) Italy : 9% (2/23) England : 4% (1/23) South Africa : 4% (1/23) Georgia : 4% (1/23),PRO JIFF PLAYER + ACADEMY JIFF PLAYER : 10 / 15 (67 %)  PRO NON-JIFF PLAYER : 5 / 15 (33 %)  ACADEMY NON-JIFF PLAYER : 0 / 15 (0 %)  PRO JIFF PLAYER + ACADEMY JIFF PLAYER: 16 / 23 (70%)  PRO NON-JIFF PLAYER : 7 / 23 (30 %)  ACADEMY NON-JIFF PLAYER : 0 / 23 (0 %),Perpignan,919 kg (114.88 kg),27 ans,27 ans,204 cm,France : 60% (9/15) England : 20% (3/15) Fiji : 7% (1/15) Georgia : 7% (1/15) Australia : 7% (1/15),France : 57% (13/23) England : 17% (4/23) Georgia : 9% (2/23) Fiji : 4% (1/23) Australia : 4% (1/23) Samoa : 4% (1/23) Spain : 4% (1/23),PRO JIFF PLAYER + ACADEMY JIFF PLAYER : 11 / 15 (73 %)  PRO NON-JIFF PLAYER : 4 / 15 (27 %)  ACADEMY NON-JIFF PLAYER : 0 / 15 (0 %)  PRO JIFF PLAYER + ACADEMY JIFF PLAYER : 17 / 23 (74%)  PRO NON-JIFF PLAYER : 6 / 23 (26 %)  ACADEMY NON-JIFF PLAYER : 0 / 23 (0 %),Pau," Date :  Saturday, October 5, 2024 Kick Off : 16:30 Venue : Stade Aimé Giral Tournament : Top 14 Round : pool stage  All times shown are french time,refresh to see your local time. ",1.0,31,1.0,39,2.0,13_83,1.0,20,0.0,,1.0,40,11 - 10
920 kg (115.00 kg),26 ans,27 ans,198 cm,France : 80% (12/15) South Africa : 7% (1/15) Scotland : 7% (1/15) Australia : 7% (1/15),France : 78% (18/23) South Africa : 9% (2/23) Scotland : 4% (1/23) Australia : 4% (1/23) Tonga : 4% (1/23),PRO JIFF PLAYER + ACADEMY JIFF PLAYER : 12 / 15 (80 %)  PRO NON-JIFF PLAYER : 3 / 15 (20 %)  ACADEMY NON-JIFF PLAYER : 0 / 15 (0 %)  PRO JIFF PLAYER + ACADEMY JIFF PLAYER: 18 / 23 (78%)  PRO NON-JIFF PLAYER : 5 / 23 (22 %)  ACADEMY NON-JIFF PLAYER : 0 / 23 (0 %),Bordeaux,903 kg (112.88 kg),28 ans,26 ans,199 cm,France : 60% (9/15) Argentina : 20% (3/15) Germany : 7% (1/15) Italy : 7% (1/15) Fiji : 7% (1/15),France : 65% (15/23) Argentina : 13% (3/23) Germany : 4% (1/23) Italy : 4% (1/23) Fiji : 4% (1/23) New Zealand : 4% (1/23) South Africa : 4% (1/23),PRO JIFF PLAYER + ACADEMY JIFF PLAYER : 12 / 15 (80 %)  PRO NON-JIFF PLAYER : 3 / 15 (20 %)  ACADEMY NON-JIFF PLAYER : 0 / 15 (0 %)  PRO JIFF PLAYER + ACADEMY JIFF PLAYER : 18 / 23 (78%)  PRO NON-JIFF PLAYER : 5 / 23 (22 %)  ACADEMY NON-JIFF PLAYER : 0 / 23 (0 %),Bayonne," Date :  Saturday, October 5, 2024 Kick Off : 16:30 Venue : Stade Chaban-Delmas Tournament : Top 14 Round : pool stage  All times shown are french time,refresh to see your local time. ",4.0,37_43_13_50,3.0,57_16_73,2.0,30_77,1.0,42,2.0,38_51,3.0,17_58_74,30 - 27
910 kg (113.75 kg),27 ans,28 ans,202 cm,France : 60% (9/15) Georgia : 13% (2/15) Australia : 13% (2/15) Ireland : 7% (1/15) New Zealand : 7% (1/15),France : 61% (14/23) New Zealand : 17% (4/23) Georgia : 9% (2/23) Australia : 9% (2/23) Ireland : 4% (1/23),PRO JIFF PLAYER + ACADEMY JIFF PLAYER : 11 / 15 (73 %)  PRO NON-JIFF PLAYER : 3 / 15 (20 %)  ACADEMY NON-JIFF PLAYER : 1 / 15 (7 %)  PRO JIFF PLAYER + ACADEMY JIFF PLAYER: 16 / 23 (70%)  PRO NON-JIFF PLAYER : 6 / 23 (26 %)  ACADEMY NON-JIFF PLAYER : 1 / 23 (4 %),La Rochelle,908 kg (113.50 kg),27 ans,26 ans,200 cm,France : 67% (10/15) Georgia : 13% (2/15) Fiji : 7% (1/15) Australia : 7% (1/15) New Zealand : 7% (1/15),France : 65% (15/23) Georgia : 13% (3/23) Fiji : 9% (2/23) Australia : 4% (1/23) New Zealand : 4% (1/23) Ireland : 4% (1/23),PRO JIFF PLAYER + ACADEMY JIFF PLAYER : 12 / 15 (80 %)  PRO NON-JIFF PLAYER : 3 / 15 (20 %)  ACADEMY NON-JIFF PLAYER : 0 / 15 (0 %)  PRO JIFF PLAYER + ACADEMY JIFF PLAYER : 18 / 23 (78%)  PRO NON-JIFF PLAYER : 5 / 23 (22 %)  ACADEMY NON-JIFF PLAYER : 0 / 23 (0 %),Lyon," Date :  Saturday, October 5, 2024 Kick Off : 16:30 Venue : Stade Marcel-Deflandre Tournament : Top 14 Round : pool stage  All times shown are french time,refresh to see your local time. ",6.0,67_79_37_46_58_83,3.0,31_74_16,3.0,5_28_43,1.0,10,2.0,47_84,2.0,17_75,43 - 22
818 kg (116.86 kg),26 ans,28 ans,200 cm,France : 60% (9/15) South Africa : 13% (2/15) Australia : 7% (1/15) New Zealand : 7% (1/15) England : 7% (1/15) Fiji : 7% (1/15),France : 61% (14/23) South Africa : 13% (3/23) Australia : 4% (1/23) New Zealand : 4% (1/23) England : 4% (1/23) Fiji : 4% (1/23) Italy : 4% (1/23) Argentina : 4% (1/23),PRO JIFF PLAYER + ACADEMY JIFF PLAYER : 10 / 15 (67 %)  PRO NON-JIFF PLAYER : 5 / 15 (33 %)  ACADEMY NON-JIFF PLAYER : 0 / 15 (0 %)  PRO JIFF PLAYER + ACADEMY JIFF PLAYER: 16 / 23 (70%)  PRO NON-JIFF PLAYER : 7 / 23 (30 %)  ACADEMY NON-JIFF PLAYER : 0 / 23 (0 %),Paris,957 kg (119.63 kg),29 ans,27 ans,202 cm,France : 47% (7/15) South Africa : 13% (2/15) Georgia : 7% (1/15) England : 7% (1/15) Argentina : 7% (1/15) Congo : 7% (1/15) Fiji : 7% (1/15) New Zealand : 7% (1/15),France : 57% (13/23) South Africa : 9% (2/23) New Zealand : 9% (2/23) Georgia : 4% (1/23) England : 4% (1/23) Argentina : 4% (1/23) Congo : 4% (1/23) Fiji : 4% (1/23) Australia : 4% (1/23),PRO JIFF PLAYER + ACADEMY JIFF PLAYER : 9 / 15 (60 %)  PRO NON-JIFF PLAYER : 6 / 15 (40 %)  ACADEMY NON-JIFF PLAYER : 0 / 15 (0 %)  PRO JIFF PLAYER + ACADEMY JIFF PLAYER : 15 / 23 (65%)  PRO NON-JIFF PLAYER : 8 / 23 (35 %)  ACADEMY NON-JIFF PLAYER : 0 / 23 (0 %),Montpellier," Date :  Saturday, October 5, 2024 Kick Off : 16:30 Venue : Stade Jean Bouin Tournament : Top 14 Round : pool stage  All times shown are french time,refresh to see your local time. ",2.0,46_57,2.0,31_71,5.0,28_33_53_67_74,2.0,3_9,2.0,47_58,2.0,32_72,29 - 20
916 kg (114.50 kg),29 ans,26 ans,205 cm,France : 67% (10/15) New Zealand : 13% (2/15) England : 7% (1/15) Uruguay : 7% (1/15) Cameroon : 7% (1/15),France : 74% (17/23) New Zealand : 9% (2/23) England : 4% (1/23) Uruguay : 4% (1/23) Cameroon : 4% (1/23) Fiji : 4% (1/23),PRO JIFF PLAYER + ACADEMY JIFF PLAYER : 10 / 15 (67 %)  PRO NON-JIFF PLAYER : 5 / 15 (33 %)  ACADEMY NON-JIFF PLAYER : 0 / 15 (0 %)  PRO JIFF PLAYER + ACADEMY JIFF PLAYER: 17 / 23 (74%)  PRO NON-JIFF PLAYER : 6 / 23 (26 %)  ACADEMY NON-JIFF PLAYER : 0 / 23 (0 %),Castres,972 kg (121.50 kg),27 ans,26 ans,208 cm,France : 67% (10/15) Australia : 13% (2/15) Spain : 7% (1/15) Fiji : 7% (1/15) Scotland : 7% (1/15),France : 65% (15/23) Australia : 9% (2/23) Spain : 4% (1/23) Fiji : 4% (1/23) Scotland : 4% (1/23) United-States : 4% (1/23) Ireland : 4% (1/23) Japan : 4% (1/23),PRO JIFF PLAYER + ACADEMY JIFF PLAYER : 12 / 15 (80 %)  PRO NON-JIFF PLAYER : 3 / 15 (20 %)  ACADEMY NON-JIFF PLAYER : 0 / 15 (0 %)  PRO JIFF PLAYER + ACADEMY JIFF PLAYER : 18 / 23 (78%)  PRO NON-JIFF PLAYER : 5 / 23 (22 %)  ACADEMY NON-JIFF PLAYER : 0 / 23 (0 %),Toulouse," Date :  Saturday, October 5, 2024 Kick Off : 21:05 Venue : Stade Pierre Fabre Tournament : Top 14 Round : pool stage  All times shown are french time,refresh to see your local time. ",3.0,49_18_55,2.0,33_8,3.0,13_31_62,3.0,16_26_78,2.0,50_56,2.0,9_34,28 - 23
938 kg (117.25 kg),29 ans,27 ans,198 cm,France : 40% (6/15) Australia : 20% (3/15) Fiji : 13% (2/15) Argentina : 13% (2/15) Georgia : 7% (1/15) Samoa : 7% (1/15),France : 48% (11/23) Australia : 13% (3/23) Fiji : 9% (2/23) Argentina : 9% (2/23) Georgia : 4% (1/23) Samoa : 4% (1/23) Germany : 4% (1/23) New Zealand : 4% (1/23) Moldova : 4% (1/23),PRO JIFF PLAYER + ACADEMY JIFF PLAYER : 9 / 15 (60 %)  PRO NON-JIFF PLAYER : 6 / 15 (40 %)  ACADEMY NON-JIFF PLAYER : 0 / 15 (0 %)  PRO JIFF PLAYER + ACADEMY JIFF PLAYER: 16 / 23 (70%)  PRO NON-JIFF PLAYER : 7 / 23 (30 %)  ACADEMY NON-JIFF PLAYER : 0 / 23 (0 %),Clermont,911 kg (113.88 kg),28 ans,27 ans,203 cm,France : 53% (8/15) England : 13% (2/15) Cameroon : 7% (1/15) Samoa : 7% (1/15) Italy : 7% (1/15) Tonga : 7% (1/15) New Zealand : 7% (1/15),France : 61% (14/23) England : 9% (2/23) Cameroon : 4% (1/23) Samoa : 4% (1/23) Italy : 4% (1/23) Tonga : 4% (1/23) New Zealand : 4% (1/23) Ireland : 4% (1/23) Fiji : 4% (1/23),PRO JIFF PLAYER + ACADEMY JIFF PLAYER : 9 / 15 (60 %)  PRO NON-JIFF PLAYER : 6 / 15 (40 %)  ACADEMY NON-JIFF PLAYER : 0 / 15 (0 %)  PRO JIFF PLAYER + ACADEMY JIFF PLAYER : 17 / 23 (74%)  PRO NON-JIFF PLAYER : 6 / 23 (26 %)  ACADEMY NON-JIFF PLAYER : 0 / 23 (0 %),Toulon," Date :  Sunday, October 6, 2024 Kick Off : 21:05 Venue : Stade Marcel Michelin Tournament : Top 14 Round : pool stage  All times shown are french time,refresh to see your local time. ",1.0,64,0.0,,4.0,17_32_42_77,6.0,15_19_28_38_47_56,1.0,65,0.0,,19 - 18
,,,,,,,Racing 92,,,,,,,,Toulon," Date :  Saturday, October 12, 2024 Kick Off : 14:30 Venue : Stade Dominique Duvauchelle Tournament : Top 14 Round : pool stage  All times shown are french time,refresh to see your local time. ",,,,,,,,,,,,,2:30 PM
,,,,,,,Bayonne,,,,,,,,La Rochelle," Date :  Saturday, October 12, 2024 Kick Off : 16:30 Venue : Reale Arena Tournament : Top 14 Round : pool stage  All times shown are french time,refresh to see your local time. ",,,,,,,,,,,,,4:30 PM
,,,,,,,Bordeaux,,,,,,,,Perpignan," Date :  Saturday, October 12, 2024 Kick Off : 16:30 Venue : Stade Jacques Chaban Delmas Tournament : Top 14 Round : pool stage  All times shown are french time,refresh to see your local time. ",,,,,,,,,,,,,4:30 PM
,,,,,,,Montpellier,,,,,,,,Vannes," Date :  Saturday, October 12, 2024 Kick Off : 16:30 Venue : GGL Stadium Tournament : Top 14 Round : pool stage  All times shown are french time,refresh to see your local time. ",,,,,,,,,,,,,4:30 PM
,,,,,,,Pau,,,,,,,,Castres," Date :  Saturday, October 12, 2024 Kick Off : 16:30 Venue : Stade du Hameau Tournament : Top 14 Round : pool stage  All times shown are french time,refresh to see your local time. ",,,,,,,,,,,,,4:30 PM
,,,,,,,Toulouse,,,,,,,,Clermont," Date :  Saturday, October 12, 2024 Kick Off : 21:05 Venue : Stade Ernest Wallon Tournament : Top 14 Round : pool stage  All times shown are french time,refresh to see your local time. ",,,,,,,,,,,,,9:05 PM
,,,,,,,Lyon,,,,,,,,Paris," Date :  Sunday, October 13, 2024 Kick Off : 21:05 Venue : Matmut Stadium Gerland Tournament : Top 14 Round : pool stage  All times shown are french time,refresh to see your local time. ",,,,,,,,,,,,,9:05 PM
,,,,,,,Bayonne,,,,,,,,Racing 92," Date :  Saturday, October 19, 2024 Kick Off : 14:30 Venue :  Tournament : Top 14 Round : pool stage  All times shown are french time,refresh to see your local time. ",,,,,,,,,,,,,2:30 PM
,,,,,,,Clermont,,,,,,,,Vannes," Date :  Saturday, October 19, 2024 Kick Off : 16:30 Venue :  Tournament : Top 14 Round : pool stage  All times shown are french time,refresh to see your local time. ",,,,,,,,,,,,,4:30 PM
,,,,,,,Castres,,,,,,,,Paris," Date :  Saturday, October 19, 2024 Kick Off : 16:30 Venue :  Tournament : Top 14 Round : pool stage  All times shown are french time,refresh to see your local time. ",,,,,,,,,,,,,4:30 PM
,,,,,,,Toulon,,,,,,,,Montpellier," Date :  Saturday, October 19, 2024 Kick Off : 16:30 Venue :  Tournament : Top 14 Round : pool stage  All times shown are french time,refresh to see your local time. ",,,,,,,,,,,,,4:30 PM
,,,,,,,Perpignan,,,,,,,,Lyon," Date :  Saturday, October 19, 2024 Kick Off : 16:30 Venue :  Tournament : Top 14 Round : pool stage  All times shown are french time,refresh to see your local time. ",,,,,,,,,,,,,4:30 PM
,,,,,,,Pau,,,,,,,,Toulouse," Date :  Saturday, October 19, 2024 Kick Off : 21:05 Venue :  Tournament : Top 14 Round : pool stage  All times shown are french time,refresh to see your local time. ",,,,,,,,,,,,,9:05 PM
,,,,,,,La Rochelle,,,,,,,,Bordeaux," Date :  Sunday, October 20, 2024 Kick Off : 21:05 Venue :  Tournament : Top 14 Round : pool stage  All times shown are french time,refresh to see your local time. ",,,,,,,,,,,,,9:05 PM
,,,,,,,Bordeaux,,,,,,,,Pau," Date :  Saturday, October 26, 2024 Kick Off : 14:30 Venue : Stade Jacques Chaban Delmas Tournament : Top 14 Round : pool stage  All times shown are french time,refresh to see your local time. ",,,,,,,,,,,,,2:30 PM
,,,,,,,Lyon,,,,,,,,Bayonne," Date :  Saturday, October 26, 2024 Kick Off : 16:30 Venue : Matmut Stadium Gerland Tournament : Top 14 Round : pool stage  All times shown are french time,refresh to see your local time. ",,,,,,,,,,,,,4:30 PM
,,,,,,,Montpellier,,,,,,,,La Rochelle," Date :  Saturday, October 26, 2024 Kick Off : 16:30 Venue : GGL Stadium Tournament : Top 14 Round : pool stage  All times shown are french time,refresh to see your local time. ",,,,,,,,,,,,,4:30 PM
,,,,,,,Racing 92,,,,,,,,Perpignan," Date :  Saturday, October 26, 2024 Kick Off : 16:30 Venue : Paris La Défense Arena Tournament : Top 14 Round : pool stage  All times shown are french time,refresh to see your local time. ",,,,,,,,,,,,,4:30 PM
,,,,,,,Vannes,,,,,,,,Castres," Date :  Saturday, October 26, 2024 Kick Off : 16:30 Venue : Stade de la Rabine Tournament : Top 14 Round : pool stage  All times shown are french time,refresh to see your local time. ",,,,,,,,,,,,,4:30 PM
,,,,,,,Paris,,,,,,,,Clermont," Date :  Saturday, October 26, 2024 Kick Off : 21:05 Venue : Stade Jean Bouin Tournament : Top 14 Round : pool stage  All times shown are french time,refresh to see your local time. ",,,,,,,,,,,,,9:05 PM
,,,,,,,Toulouse,,,,,,,,Toulon," Date :  Sunday, October 27, 2024 Kick Off : 21:05 Venue : Stadium de Toulouse Tournament : Top 14 Round : pool stage  All times shown are french time,refresh to see your local time. ",,,,,,,,,,,,,9:05 PM
,,,,,,,Clermont,,,,,,,,Bordeaux," Date :  Saturday, November 2, 2024 Kick Off : 14:30 Venue :  Tournament : Top 14 Round : pool stage  All times shown are french time,refresh to see your local time. ",,,,,,,,,,,,,2:30 PM
,,,,,,,Perpignan,,,,,,,,Vannes," Date :  Saturday, November 2, 2024 Kick Off : 16:30 Venue :  Tournament : Top 14 Round : pool stage  All times shown are french time,refresh to see your local time. ",,,,,,,,,,,,,4:30 PM
,,,,,,,Pau,,,,,,,,Racing 92," Date :  Saturday, November 2, 2024 Kick Off : 16:30 Venue :  Tournament : Top 14 Round : pool stage  All times shown are french time,refresh to see your local time. ",,,,,,,,,,,,,4:30 PM
,,,,,,,Toulon,,,,,,,,Lyon," Date :  Saturday, November 2, 2024 Kick Off : 16:30 Venue :  Tournament : Top 14 Round : pool stage  All times shown are french time,refresh to see your local time. ",,,,,,,,,,,,,4:30 PM
,,,,,,,Castres,,,,,,,,Montpellier," Date :  Saturday, November 2, 2024 Kick Off : 16:30 Venue :  Tournament : Top 14 Round : pool stage  All times shown are french time,refresh to see your local time. ",,,,,,,,,,,,,4:30 PM
,,,,,,,La Rochelle,,,,,,,,Paris," Date :  Saturday, November 2, 2024 Kick Off : 21:05 Venue :  Tournament : Top 14 Round : pool stage  All times shown are french time,refresh to see your local time. ",,,,,,,,,,,,,9:05 PM
,,,,,,,Bayonne,,,,,,,,Toulouse," Date :  Sunday, November 3, 2024 Kick Off : 21:05 Venue :  Tournament : Top 14 Round : pool stage  All times shown are french time,refresh to see your local time. ",,,,,,,,,,,,,9:05 PM
,,,,,,,Toulouse,,,,,,,,Perpignan," Date :  Saturday, November 23, 2024 Kick Off : 00:00 Venue :  Tournament : Top 14 Round : pool stage  All times shown are french time,refresh to see your local time. ",,,,,,,,,,,,,12:00 AM
,,,,,,,Paris,,,,,,,,Racing 92," Date :  Saturday, November 23, 2024 Kick Off : 00:00 Venue :  Tournament : Top 14 Round : pool stage  All times shown are french time,refresh to see your local time. ",,,,,,,,,,,,,12:00 AM
,,,,,,,Vannes,,,,,,,,Bordeaux," Date :  Saturday, November 23, 2024 Kick Off : 00:00 Venue :  Tournament : Top 14 Round : pool stage  All times shown are french time,refresh to see your local time. ",,,,,,,,,,,,,12:00 AM
,,,,,,,Toulon,,,,,,,,Bayonne," Date :  Saturday, November 23, 2024 Kick Off : 00:00 Venue :  Tournament : Top 14 Round : pool stage  All times shown are french time,refresh to see your local time. ",,,,,,,,,,,,,12:00 AM
,,,,,,,Montpellier,,,,,,,,Pau," Date :  Saturday, November 23, 2024 Kick Off : 00:00 Venue :  Tournament : Top 14 Round : pool stage  All times shown are french time,refresh to see your local time. ",,,,,,,,,,,,,12:00 AM
,,,,,,,Lyon,,,,,,,,Clermont," Date :  Saturday, November 23, 2024 Kick Off : 00:00 Venue :  Tournament : Top 14 Round : pool stage  All times shown are french time,refresh to see your local time. ",,,,,,,,,,,,,12:00 AM
,,,,,,,Castres,,,,,,,,La Rochelle," Date :  Saturday, November 23, 2024 Kick Off : 00:00 Venue :  Tournament : Top 14 Round : pool stage  All times shown are french time,refresh to see your local time. ",,,,,,,,,,,,,12:00 AM
,,,,,,,Perpignan,,,,,,,,Toulon," Date :  Saturday, November 30, 2024 Kick Off : 00:00 Venue :  Tournament : Top 14 Round : pool stage  All times shown are french time,refresh to see your local time. ",,,,,,,,,,,,,12:00 AM
,,,,,,,Bordeaux,,,,,,,,Montpellier," Date :  Saturday, November 30, 2024 Kick Off : 00:00 Venue :  Tournament : Top 14 Round : pool stage  All times shown are french time,refresh to see your local time. ",,,,,,,,,,,,,12:00 AM
,,,,,,,La Rochelle,,,,,,,,Vannes," Date :  Saturday, November 30, 2024 Kick Off : 00:00 Venue :  Tournament : Top 14 Round : pool stage  All times shown are french time,refresh to see your local time. ",,,,,,,,,,,,,12:00 AM
,,,,,,,Pau,,,,,,,,Lyon," Date :  Saturday, November 30, 2024 Kick Off : 00:00 Venue :  Tournament : Top 14 Round : pool stage  All times shown are french time,refresh to see your local time. ",,,,,,,,,,,,,12:00 AM
,,,,,,,Racing 92,,,,,,,,Toulouse," Date :  Saturday, November 30, 2024 Kick Off : 00:00 Venue :  Tournament : Top 14 Round : pool stage  All times shown are french time,refresh to see your local time. ",,,,,,,,,,,,,12:00 AM
,,,,,,,Bayonne,,,,,,,,Paris," Date :  Saturday, November 30, 2024 Kick Off : 00:00 Venue :  Tournament : Top 14 Round : pool stage  All times shown are french time,refresh to see your local time. ",,,,,,,,,,,,,12:00 AM
,,,,,,,Clermont,,,,,,,,Castres," Date :  Saturday, November 30, 2024 Kick Off : 00:00 Venue :  Tournament : Top 14 Round : pool stage  All times shown are french time,refresh to see your local time. ",,,,,,,,,,,,,12:00 AM
,,,,,,,La Rochelle,,,,,,,,Clermont," Date :  Saturday, December 21, 2024 Kick Off : 00:00 Venue :  Tournament : Top 14 Round : pool stage  All times shown are french time,refresh to see your local time. ",,,,,,,,,,,,,12:00 AM
,,,,,,,Paris,,,,,,,,Perpignan," Date :  Saturday, December 21, 2024 Kick Off : 00:00 Venue :  Tournament : Top 14 Round : pool stage  All times shown are french time,refresh to see your local time. ",,,,,,,,,,,,,12:00 AM
,,,,,,,Vannes,,,,,,,,Bayonne," Date :  Saturday, December 21, 2024 Kick Off : 00:00 Venue :  Tournament : Top 14 Round : pool stage  All times shown are french time,refresh to see your local time. ",,,,,,,,,,,,,12:00 AM
,,,,,,,Toulon,,,,,,,,Pau," Date :  Saturday, December 21, 2024 Kick Off : 00:00 Venue :  Tournament : Top 14 Round : pool stage  All times shown are french time,refresh to see your local time. ",,,,,,,,,,,,,12:00 AM
,,,,,,,Montpellier,,,,,,,,Racing 92," Date :  Saturday, December 21, 2024 Kick Off : 00:00 Venue :  Tournament : Top 14 Round : pool stage  All times shown are french time,refresh to see your local time. ",,,,,,,,,,,,,12:00 AM
,,,,,,,Lyon,,,,,,,,Toulouse," Date :  Saturday, December 21, 2024 Kick Off : 00:00 Venue :  Tournament : Top 14 Round : pool stage  All times shown are french time,refresh to see your local time. ",,,,,,,,,,,,,12:00 AM
,,,,,,,Castres,,,,,,,,Bordeaux," Date :  Saturday, December 21, 2024 Kick Off : 00:00 Venue :  Tournament : Top 14 Round : pool stage  All times shown are french time,refresh to see your local time. ",,,,,,,,,,,,,12:00 AM
,,,,,,,Perpignan,,,,,,,,La Rochelle," Date :  Saturday, December 28, 2024 Kick Off : 00:00 Venue :  Tournament : Top 14 Round : pool stage  All times shown are french time,refresh to see your local time. ",,,,,,,,,,,,,12:00 AM
,,,,,,,Bordeaux,,,,,,,,Toulon," Date :  Saturday, December 28, 2024 Kick Off : 00:00 Venue :  Tournament : Top 14 Round : pool stage  All times shown are french time,refresh to see your local time. ",,,,,,,,,,,,,12:00 AM
,,,,,,,Toulouse,,,,,,,,Paris," Date :  Saturday, December 28, 2024 Kick Off : 00:00 Venue :  Tournament : Top 14 Round : pool stage  All times shown are french time,refresh to see your local time. ",,,,,,,,,,,,,12:00 AM
,,,,,,,Pau,,,,,,,,Vannes," Date :  Saturday, December 28, 2024 Kick Off : 00:00 Venue :  Tournament : Top 14 Round : pool stage  All times shown are french time,refresh to see your local time. ",,,,,,,,,,,,,12:00 AM
,,,,,,,Racing 92,,,,,,,,Lyon," Date :  Saturday, December 28, 2024 Kick Off : 00:00 Venue :  Tournament : Top 14 Round : pool stage  All times shown are french time,refresh to see your local time. ",,,,,,,,,,,,,12:00 AM
,,,,,,,Bayonne,,,,,,,,Castres," Date :  Saturday, December 28, 2024 Kick Off : 00:00 Venue :  Tournament : Top 14 Round : pool stage  All times shown are french time,refresh to see your local time. ",,,,,,,,,,,,,12:00 AM
,,,,,,,Clermont,,,,,,,,Montpellier," Date :  Saturday, December 28, 2024 Kick Off : 00:00 Venue :  Tournament : Top 14 Round : pool stage  All times shown are french time,refresh to see your local time. ",,,,,,,,,,,,,12:00 AM
,,,,,,,La Rochelle,,,,,,,,Toulouse," Date :  Saturday, January 4, 2025 Kick Off : 00:00 Venue :  Tournament : Top 14 Round : pool stage  All times shown are french time,refresh to see your local time. ",,,,,,,,,,,,,12:00 AM
,,,,,,,Paris,,,,,,,,Bordeaux," Date :  Saturday, January 4, 2025 Kick Off : 00:00 Venue :  Tournament : Top 14 Round : pool stage  All times shown are french time,refresh to see your local time. ",,,,,,,,,,,,,12:00 AM
,,,,,,,Vannes,,,,,,,,Clermont," Date :  Saturday, January 4, 2025 Kick Off : 00:00 Venue :  Tournament : Top 14 Round : pool stage  All times shown are french time,refresh to see your local time. ",,,,,,,,,,,,,12:00 AM
,,,,,,,Toulon,,,,,,,,Racing 92," Date :  Saturday, January 4, 2025 Kick Off : 00:00 Venue :  Tournament : Top 14 Round : pool stage  All times shown are french time,refresh to see your local time. ",,,,,,,,,,,,,12:00 AM
,,,,,,,Montpellier,,,,,,,,Bayonne," Date :  Saturday, January 4, 2025 Kick Off : 00:00 Venue :  Tournament : Top 14 Round : pool stage  All times shown are french time,refresh to see your local time. ",,,,,,,,,,,,,12:00 AM
,,,,,,,Lyon,,,,,,,,Perpignan," Date :  Saturday, January 4, 2025 Kick Off : 00:00 Venue :  Tournament : Top 14 Round : pool stage  All times shown are french time,refresh to see your local time. ",,,,,,,,,,,,,12:00 AM
,,,,,,,Castres,,,,,,,,Pau," Date :  Saturday, January 4, 2025 Kick Off : 00:00 Venue :  Tournament : Top 14 Round : pool stage  All times shown are french time,refresh to see your local time. ",,,,,,,,,,,,,12:00 AM
,,,,,,,Perpignan,,,,,,,,Bayonne," Date :  Saturday, January 25, 2025 Kick Off : 00:00 Venue :  Tournament : Top 14 Round : pool stage  All times shown are french time,refresh to see your local time. ",,,,,,,,,,,,,12:00 AM
,,,,,,,Bordeaux,,,,,,,,Lyon," Date :  Saturday, January 25, 2025 Kick Off : 00:00 Venue :  Tournament : Top 14 Round : pool stage  All times shown are french time,refresh to see your local time. ",,,,,,,,,,,,,12:00 AM
,,,,,,,Toulouse,,,,,,,,Montpellier," Date :  Saturday, January 25, 2025 Kick Off : 00:00 Venue :  Tournament : Top 14 Round : pool stage  All times shown are french time,refresh to see your local time. ",,,,,,,,,,,,,12:00 AM
,,,,,,,Pau,,,,,,,,Clermont," Date :  Saturday, January 25, 2025 Kick Off : 00:00 Venue :  Tournament : Top 14 Round : pool stage  All times shown are french time,refresh to see your local time. ",,,,,,,,,,,,,12:00 AM
,,,,,,,Vannes,,,,,,,,Paris," Date :  Saturday, January 25, 2025 Kick Off : 00:00 Venue :  Tournament : Top 14 Round : pool stage  All times shown are french time,refresh to see your local time. ",,,,,,,,,,,,,12:00 AM
,,,,,,,Toulon,,,,,,,,La Rochelle," Date :  Saturday, January 25, 2025 Kick Off : 00:00 Venue :  Tournament : Top 14 Round : pool stage  All times shown are french time,refresh to see your local time. ",,,,,,,,,,,,,12:00 AM
,,,,,,,Racing 92,,,,,,,,Castres," Date :  Saturday, January 25, 2025 Kick Off : 00:00 Venue :  Tournament : Top 14 Round : pool stage  All times shown are french time,refresh to see your local time. ",,,,,,,,,,,,,12:00 AM
,,,,,,,Perpignan,,,,,,,,Castres," Date :  Saturday, February 15, 2025 Kick Off : 00:00 Venue :  Tournament : Top 14 Round : pool stage  All times shown are french time,refresh to see your local time. ",,,,,,,,,,,,,12:00 AM
,,,,,,,Paris,,,,,,,,Pau," Date :  Saturday, February 15, 2025 Kick Off : 00:00 Venue :  Tournament : Top 14 Round : pool stage  All times shown are french time,refresh to see your local time. ",,,,,,,,,,,,,12:00 AM
,,,,,,,Racing 92,,,,,,,,Vannes," Date :  Saturday, February 15, 2025 Kick Off : 00:00 Venue :  Tournament : Top 14 Round : pool stage  All times shown are french time,refresh to see your local time. ",,,,,,,,,,,,,12:00 AM
,,,,,,,Montpellier,,,,,,,,Toulon," Date :  Saturday, February 15, 2025 Kick Off : 00:00 Venue :  Tournament : Top 14 Round : pool stage  All times shown are french time,refresh to see your local time. ",,,,,,,,,,,,,12:00 AM
,,,,,,,Lyon,,,,,,,,La Rochelle," Date :  Saturday, February 15, 2025 Kick Off : 00:00 Venue :  Tournament : Top 14 Round : pool stage  All times shown are french time,refresh to see your local time. ",,,,,,,,,,,,,12:00 AM
,,,,,,,Bayonne,,,,,,,,Bordeaux," Date :  Saturday, February 15, 2025 Kick Off : 00:00 Venue :  Tournament : Top 14 Round : pool stage  All times shown are french time,refresh to see your local time. ",,,,,,,,,,,,,12:00 AM
,,,,,,,Clermont,,,,,,,,Toulouse," Date :  Saturday, February 15, 2025 Kick Off : 00:00 Venue :  Tournament : Top 14 Round : pool stage  All times shown are french time,refresh to see your local time. ",,,,,,,,,,,,,12:00 AM
,,,,,,,Bordeaux,,,,,,,,Clermont," Date :  Saturday, February 22, 2025 Kick Off : 00:00 Venue :  Tournament : Top 14 Round : pool stage  All times shown are french time,refresh to see your local time. ",,,,,,,,,,,,,12:00 AM
,,,,,,,Toulouse,,,,,,,,Bayonne," Date :  Saturday, February 22, 2025 Kick Off : 00:00 Venue :  Tournament : Top 14 Round : pool stage  All times shown are french time,refresh to see your local time. ",,,,,,,,,,,,,12:00 AM
,,,,,,,La Rochelle,,,,,,,,Racing 92," Date :  Saturday, February 22, 2025 Kick Off : 00:00 Venue :  Tournament : Top 14 Round : pool stage  All times shown are french time,refresh to see your local time. ",,,,,,,,,,,,,12:00 AM
,,,,,,,Pau,,,,,,,,Perpignan," Date :  Saturday, February 22, 2025 Kick Off : 00:00 Venue :  Tournament : Top 14 Round : pool stage  All times shown are french time,refresh to see your local time. ",,,,,,,,,,,,,12:00 AM
,,,,,,,Vannes,,,,,,,,Montpellier," Date :  Saturday, February 22, 2025 Kick Off : 00:00 Venue :  Tournament : Top 14 Round : pool stage  All times shown are french time,refresh to see your local time. ",,,,,,,,,,,,,12:00 AM
,,,,,,,Toulon,,,,,,,,Paris," Date :  Saturday, February 22, 2025 Kick Off : 00:00 Venue :  Tournament : Top 14 Round : pool stage  All times shown are french time,refresh to see your local time. ",,,,,,,,,,,,,12:00 AM
,,,,,,,Castres,,,,,,,,Lyon," Date :  Saturday, February 22, 2025 Kick Off : 00:00 Venue :  Tournament : Top 14 Round : pool stage  All times shown are french time,refresh to see your local time. ",,,,,,,,,,,,,12:00 AM
,,,,,,,Perpignan,,,,,,,,Bordeaux," Date :  Saturday, March 1, 2025 Kick Off : 00:00 Venue :  Tournament : Top 14 Round : pool stage  All times shown are french time,refresh to see your local time. ",,,,,,,,,,,,,12:00 AM
,,,,,,,Toulouse,,,,,,,,Vannes," Date :  Saturday, March 1, 2025 Kick Off : 00:00 Venue :  Tournament : Top 14 Round : pool stage  All times shown are french time,refresh to see your local time. ",,,,,,,,,,,,,12:00 AM
,,,,,,,Paris,,,,,,,,La Rochelle," Date :  Saturday, March 1, 2025 Kick Off : 00:00 Venue :  Tournament : Top 14 Round : pool stage  All times shown are french time,refresh to see your local time. ",,,,,,,,,,,,,12:00 AM
,,,,,,,Racing 92,,,,,,,,Pau," Date :  Saturday, March 1, 2025 Kick Off : 00:00 Venue :  Tournament : Top 14 Round : pool stage  All times shown are french time,refresh to see your local time. ",,,,,,,,,,,,,12:00 AM
,,,,,,,Montpellier,,,,,,,,Castres," Date :  Saturday, March 1, 2025 Kick Off : 00:00 Venue :  Tournament : Top 14 Round : pool stage  All times shown are french time,refresh to see your local time. ",,,,,,,,,,,,,12:00 AM
,,,,,,,Lyon,,,,,,,,Toulon," Date :  Saturday, March 1, 2025 Kick Off : 00:00 Venue :  Tournament : Top 14 Round : pool stage  All times shown are french time,refresh to see your local time. ",,,,,,,,,,,,,12:00 AM
,,,,,,,Bayonne,,,,,,,,Clermont," Date :  Saturday, March 1, 2025 Kick Off : 00:00 Venue :  Tournament : Top 14 Round : pool stage  All times shown are french time,refresh to see your local time. ",,,,,,,,,,,,,12:00 AM
,,,,,,,Bordeaux,,,,,,,,Toulouse," Date :  Saturday, March 22, 2025 Kick Off : 00:00 Venue :  Tournament : Top 14 Round : pool stage  All times shown are french time,refresh to see your local time. ",,,,,,,,,,,,,12:00 AM
,,,,,,,La Rochelle,,,,,,,,Castres," Date :  Saturday, March 22, 2025 Kick Off : 00:00 Venue :  Tournament : Top 14 Round : pool stage  All times shown are french time,refresh to see your local time. ",,,,,,,,,,,,,12:00 AM
,,,,,,,Paris,,,,,,,,Bayonne," Date :  Saturday, March 22, 2025 Kick Off : 00:00 Venue :  Tournament : Top 14 Round : pool stage  All times shown are french time,refresh to see your local time. ",,,,,,,,,,,,,12:00 AM
,,,,,,,Pau,,,,,,,,Montpellier," Date :  Saturday, March 22, 2025 Kick Off : 00:00 Venue :  Tournament : Top 14 Round : pool stage  All times shown are french time,refresh to see your local time. ",,,,,,,,,,,,,12:00 AM
,,,,,,,Toulon,,,,,,,,Perpignan," Date :  Saturday, March 22, 2025 Kick Off : 00:00 Venue :  Tournament : Top 14 Round : pool stage  All times shown are french time,refresh to see your local time. ",,,,,,,,,,,,,12:00 AM
,,,,,,,Lyon,,,,,,,,Vannes," Date :  Saturday, March 22, 2025 Kick Off : 00:00 Venue :  Tournament : Top 14 Round : pool stage  All times shown are french time,refresh to see your local time. ",,,,,,,,,,,,,12:00 AM
,,,,,,,Clermont,,,,,,,,Racing 92," Date :  Saturday, March 22, 2025 Kick Off : 00:00 Venue :  Tournament : Top 14 Round : pool stage  All times shown are french time,refresh to see your local time. ",,,,,,,,,,,,,12:00 AM
,,,,,,,Toulouse,,,,,,,,Pau," Date :  Saturday, March 29, 2025 Kick Off : 00:00 Venue :  Tournament : Top 14 Round : pool stage  All times shown are french time,refresh to see your local time. ",,,,,,,,,,,,,12:00 AM
,,,,,,,Vannes,,,,,,,,Perpignan," Date :  Saturday, March 29, 2025 Kick Off : 00:00 Venue :  Tournament : Top 14 Round : pool stage  All times shown are french time,refresh to see your local time. ",,,,,,,,,,,,,12:00 AM
,,,,,,,Racing 92,,,,,,,,Bordeaux," Date :  Saturday, March 29, 2025 Kick Off : 00:00 Venue :  Tournament : Top 14 Round : pool stage  All times shown are french time,refresh to see your local time. ",,,,,,,,,,,,,12:00 AM
,,,,,,,Montpellier,,,,,,,,Paris," Date :  Saturday, March 29, 2025 Kick Off : 00:00 Venue :  Tournament : Top 14 Round : pool stage  All times shown are french time,refresh to see your local time. ",,,,,,,,,,,,,12:00 AM
,,,,,,,Castres,,,,,,,,Toulon," Date :  Saturday, March 29, 2025 Kick Off : 00:00 Venue :  Tournament : Top 14 Round : pool stage  All times shown are french time,refresh to see your local time. ",,,,,,,,,,,,,12:00 AM
,,,,,,,Bayonne,,,,,,,,Lyon," Date :  Saturday, March 29, 2025 Kick Off : 00:00 Venue :  Tournament : Top 14 Round : pool stage  All times shown are french time,refresh to see your local time. ",,,,,,,,,,,,,12:00 AM
,,,,,,,Clermont,,,,,,,,La Rochelle," Date :  Saturday, March 29, 2025 Kick Off : 00:00 Venue :  Tournament : Top 14 Round : pool stage  All times shown are french time,refresh to see your local time. ",,,,,,,,,,,,,12:00 AM
,,,,,,,Perpignan,,,,,,,,Racing 92," Date :  Saturday, April 19, 2025 Kick Off : 00:00 Venue :  Tournament : Top 14 Round : pool stage  All times shown are french time,refresh to see your local time. ",,,,,,,,,,,,,12:00 AM
,,,,,,,La Rochelle,,,,,,,,Bayonne," Date :  Saturday, April 19, 2025 Kick Off : 00:00 Venue :  Tournament : Top 14 Round : pool stage  All times shown are french time,refresh to see your local time. ",,,,,,,,,,,,,12:00 AM
,,,,,,,Paris,,,,,,,,Toulouse," Date :  Saturday, April 19, 2025 Kick Off : 00:00 Venue :  Tournament : Top 14 Round : pool stage  All times shown are french time,refresh to see your local time. ",,,,,,,,,,,,,12:00 AM
,,,,,,,Pau,,,,,,,,Bordeaux," Date :  Saturday, April 19, 2025 Kick Off : 00:00 Venue :  Tournament : Top 14 Round : pool stage  All times shown are french time,refresh to see your local time. ",,,,,,,,,,,,,12:00 AM
,,,,,,,Toulon,,,,,,,,Clermont," Date :  Saturday, April 19, 2025 Kick Off : 00:00 Venue :  Tournament : Top 14 Round : pool stage  All times shown are french time,refresh to see your local time. ",,,,,,,,,,,,,12:00 AM
,,,,,,,Lyon,,,,,,,,Montpellier," Date :  Saturday, April 19, 2025 Kick Off : 00:00 Venue :  Tournament : Top 14 Round : pool stage  All times shown are french time,refresh to see your local time. ",,,,,,,,,,,,,12:00 AM
,,,,,,,Castres,,,,,,,,Vannes," Date :  Saturday, April 19, 2025 Kick Off : 00:00 Venue :  Tournament : Top 14 Round : pool stage  All times shown are french time,refresh to see your local time. ",,,,,,,,,,,,,12:00 AM
,,,,,,,Bordeaux,,,,,,,,La Rochelle," Date :  Saturday, April 26, 2025 Kick Off : 00:00 Venue :  Tournament : Top 14 Round : pool stage  All times shown are french time,refresh to see your local time. ",,,,,,,,,,,,,12:00 AM
,,,,,,,Toulouse,,,,,,,,Castres," Date :  Saturday, April 26, 2025 Kick Off : 00:00 Venue :  Tournament : Top 14 Round : pool stage  All times shown are french time,refresh to see your local time. ",,,,,,,,,,,,,12:00 AM
,,,,,,,Vannes,,,,,,,,Toulon," Date :  Saturday, April 26, 2025 Kick Off : 00:00 Venue :  Tournament : Top 14 Round : pool stage  All times shown are french time,refresh to see your local time. ",,,,,,,,,,,,,12:00 AM
,,,,,,,Racing 92,,,,,,,,Paris," Date :  Saturday, April 26, 2025 Kick Off : 00:00 Venue :  Tournament : Top 14 Round : pool stage  All times shown are french time,refresh to see your local time. ",,,,,,,,,,,,,12:00 AM
,,,,,,,Montpellier,,,,,,,,Perpignan," Date :  Saturday, April 26, 2025 Kick Off : 00:00 Venue :  Tournament : Top 14 Round : pool stage  All times shown are french time,refresh to see your local time. ",,,,,,,,,,,,,12:00 AM
,,,,,,,Bayonne,,,,,,,,Pau," Date :  Saturday, April 26, 2025 Kick Off : 00:00 Venue :  Tournament : Top 14 Round : pool stage  All times shown are french time,refresh to see your local time. ",,,,,,,,,,,,,12:00 AM
,,,,,,,Clermont,,,,,,,,Lyon," Date :  Saturday, April 26, 2025 Kick Off : 00:00 Venue :  Tournament : Top 14 Round : pool stage  All times shown are french time,refresh to see your local time. ",,,,,,,,,,,,,12:00 AM
,,,,,,,Perpignan,,,,,,,,Paris," Date :  Saturday, May 10, 2025 Kick Off : 00:00 Venue :  Tournament : Top 14 Round : pool stage  All times shown are french time,refresh to see your local time. ",,,,,,,,,,,,,12:00 AM
,,,,,,,Vannes,,,,,,,,La Rochelle," Date :  Saturday, May 10, 2025 Kick Off : 00:00 Venue :  Tournament : Top 14 Round : pool stage  All times shown are french time,refresh to see your local time. ",,,,,,,,,,,,,12:00 AM
,,,,,,,Toulon,,,,,,,,Toulouse," Date :  Saturday, May 10, 2025 Kick Off : 00:00 Venue :  Tournament : Top 14 Round : pool stage  All times shown are french time,refresh to see your local time. ",,,,,,,,,,,,,12:00 AM
,,,,,,,Racing 92,,,,,,,,Bayonne," Date :  Saturday, May 10, 2025 Kick Off : 00:00 Venue :  Tournament : Top 14 Round : pool stage  All times shown are french time,refresh to see your local time. ",,,,,,,,,,,,,12:00 AM
,,,,,,,Montpellier,,,,,,,,Bordeaux," Date :  Saturday, May 10, 2025 Kick Off : 00:00 Venue :  Tournament : Top 14 Round : pool stage  All times shown are french time,refresh to see your local time. ",,,,,,,,,,,,,12:00 AM
,,,,,,,Lyon,,,,,,,,Pau," Date :  Saturday, May 10, 2025 Kick Off : 00:00 Venue :  Tournament : Top 14 Round : pool stage  All times shown are french time,refresh to see your local time. ",,,,,,,,,,,,,12:00 AM
,,,,,,,Castres,,,,,,,,Clermont," Date :  Saturday, May 10, 2025 Kick Off : 00:00 Venue :  Tournament : Top 14 Round : pool stage  All times shown are french time,refresh to see your local time. ",,,,,,,,,,,,,12:00 AM
,,,,,,,Bordeaux,,,,,,,,Castres," Date :  Saturday, May 17, 2025 Kick Off : 00:00 Venue :  Tournament : Top 14 Round : pool stage  All times shown are french time,refresh to see your local time. ",,,,,,,,,,,,,12:00 AM
,,,,,,,Toulouse,,,,,,,,Racing 92," Date :  Saturday, May 17, 2025 Kick Off : 00:00 Venue :  Tournament : Top 14 Round : pool stage  All times shown are french time,refresh to see your local time. ",,,,,,,,,,,,,12:00 AM
,,,,,,,La Rochelle,,,,,,,,Montpellier," Date :  Saturday, May 17, 2025 Kick Off : 00:00 Venue :  Tournament : Top 14 Round : pool stage  All times shown are french time,refresh to see your local time. ",,,,,,,,,,,,,12:00 AM
,,,,,,,Paris,,,,,,,,Lyon," Date :  Saturday, May 17, 2025 Kick Off : 00:00 Venue :  Tournament : Top 14 Round : pool stage  All times shown are french time,refresh to see your local time. ",,,,,,,,,,,,,12:00 AM
,,,,,,,Pau,,,,,,,,Toulon," Date :  Saturday, May 17, 2025 Kick Off : 00:00 Venue :  Tournament : Top 14 Round : pool stage  All times shown are french time,refresh to see your local time. ",,,,,,,,,,,,,12:00 AM
,,,,,,,Bayonne,,,,,,,,Vannes," Date :  Saturday, May 17, 2025 Kick Off : 00:00 Venue :  Tournament : Top 14 Round : pool stage  All times shown are french time,refresh to see your local time. ",,,,,,,,,,,,,12:00 AM
,,,,,,,Clermont,,,,,,,,Perpignan," Date :  Saturday, May 17, 2025 Kick Off : 00:00 Venue :  Tournament : Top 14 Round : pool stage  All times shown are french time,refresh to see your local time. ",,,,,,,,,,,,,12:00 AM
,,,,,,,Toulouse,,,,,,,,Lyon," Date :  Saturday, May 31, 2025 Kick Off : 00:00 Venue :  Tournament : Top 14 Round : pool stage  All times shown are french time,refresh to see your local time. ",,,,,,,,,,,,,12:00 AM
,,,,,,,La Rochelle,,,,,,,,Perpignan," Date :  Saturday, May 31, 2025 Kick Off : 00:00 Venue :  Tournament : Top 14 Round : pool stage  All times shown are french time,refresh to see your local time. ",,,,,,,,,,,,,12:00 AM
,,,,,,,Vannes,,,,,,,,Pau," Date :  Saturday, May 31, 2025 Kick Off : 00:00 Venue :  Tournament : Top 14 Round : pool stage  All times shown are french time,refresh to see your local time. ",,,,,,,,,,,,,12:00 AM
,,,,,,,Toulon,,,,,,,,Bordeaux," Date :  Saturday, May 31, 2025 Kick Off : 00:00 Venue :  Tournament : Top 14 Round : pool stage  All times shown are french time,refresh to see your local time. ",,,,,,,,,,,,,12:00 AM
,,,,,,,Racing 92,,,,,,,,Montpellier," Date :  Saturday, May 31, 2025 Kick Off : 00:00 Venue :  Tournament : Top 14 Round : pool stage  All times shown are french time,refresh to see your local time. ",,,,,,,,,,,,,12:00 AM
,,,,,,,Castres,,,,,,,,Bayonne," Date :  Saturday, May 31, 2025 Kick Off : 00:00 Venue :  Tournament : Top 14 Round : pool stage  All times shown are french time,refresh to see your local time. ",,,,,,,,,,,,,12:00 AM
,,,,,,,Clermont,,,,,,,,Paris," Date :  Saturday, May 31, 2025 Kick Off : 00:00 Venue :  Tournament : Top 14 Round : pool stage  All times shown are french time,refresh to see your local time. ",,,,,,,,,,,,,12:00 AM
,,,,,,,Bordeaux,,,,,,,,Vannes," Date :  Saturday, June 7, 2025 Kick Off : 00:00 Venue :  Tournament : Top 14 Round : pool stage  All times shown are french time,refresh to see your local time. ",,,,,,,,,,,,,12:00 AM
,,,,,,,Paris,,,,,,,,Castres," Date :  Saturday, June 7, 2025 Kick Off : 00:00 Venue :  Tournament : Top 14 Round : pool stage  All times shown are french time,refresh to see your local time. ",,,,,,,,,,,,,12:00 AM
,,,,,,,Pau,,,,,,,,La Rochelle," Date :  Saturday, June 7, 2025 Kick Off : 00:00 Venue :  Tournament : Top 14 Round : pool stage  All times shown are french time,refresh to see your local time. ",,,,,,,,,,,,,12:00 AM
,,,,,,,Montpellier,,,,,,,,Clermont," Date :  Saturday, June 7, 2025 Kick Off : 00:00 Venue :  Tournament : Top 14 Round : pool stage  All times shown are french time,refresh to see your local time. ",,,,,,,,,,,,,12:00 AM
,,,,,,,Lyon,,,,,,,,Racing 92," Date :  Saturday, June 7, 2025 Kick Off : 00:00 Venue :  Tournament : Top 14 Round : pool stage  All times shown are french time,refresh to see your local time. ",,,,,,,,,,,,,12:00 AM
,,,,,,,Bayonne,,,,,,,,Toulon," Date :  Saturday, June 7, 2025 Kick Off : 00:00 Venue :  Tournament : Top 14 Round : pool stage  All times shown are french time,refresh to see your local time. ",,,,,,,,,,,,,12:00 AM
,,,,,,,Perpignan,,,,,,,,Toulouse," Date :  Saturday, June 7, 2025 Kick Off : 00:00 Venue :  Tournament : Top 14 Round : pool stage  All times shown are french time,refresh to see your local time. ",,,,,,,,,,,,,12:00 AM
