match_date_,Home team,Away team,home_n_tries,minutes_of_home_tries,away_n_tries,minutes_of_away_tries,home_n_pen_kicks,minutes_of_home_pen_kicks,away_n_pen_kicks,minutes_of_away_pen_kicks,home_n_conversions,minutes_of_home_conversions,away_n_conversions,minutes_of_away_conversions,competition,round_stage,pkey,home_score,away_score,score_diff,home_pack_weight,away_pack_weight,home_forwards_ages,home_backs_ages,away_forwards_ages,away_backs_ages
2021-09-24,ZEBRE,LIONS,4.0,51_61_64_57,5.0,32_19_21_15_10,0.0,,1.0,42,2.0,51_62,5.0,11_16_19_22_33,urc,pool stage,ZEBRE_LIONS_2021-09-24,26,38,-12,924,919,26,26,27,25
2021-09-24,CARDIFF,CONNACHT,5.0,38_50_69_9_73,2.0,12_80,0.0,,3.0,3_36_57,4.0,40_51_70_10,1.0,13,urc,pool stage,CARDIFF_CONNACHT_2021-09-24,33,21,12,929,892,28,27,26,26
2021-09-24,ULSTER,GLASGOW,5.0,22_43_48_58_3,4.0,42_14_64_54,0.0,,1.0,26,4.0,23_44_49_60,2.0,44_65,urc,pool stage,ULSTER_GLASGOW_2021-09-24,35,29,6,906,912,29,26,28,26
2021-09-25,MUNSTER,SHARKS,6.0,43_50_35_5_78_76,2.0,56_69,2.0,28_68,1.0,31,3.0,44_51_78,2.0,56_70,urc,pool stage,MUNSTER_SHARKS_2021-09-25,42,17,25,907,946,28,25,26,24
2021-09-25,BENETTON,STORMERS,3.0,15_58_70,2.0,1_43,1.0,62,2.0,22_37,2.0,16_59,1.0,44,urc,pool stage,BENETTON_STORMERS_2021-09-25,22,18,4,909,903,24,26,27,25
2021-09-25,LEINSTER,BULLS,4.0,12_6_56_69,0.0,,1.0,4,1.0,22,4.0,8_13_58_71,0.0,,urc,pool stage,LEINSTER_BULLS_2021-09-25,31,3,28,920,934,26,27,27,26
2021-09-25,EDINBURGH,SCARLETS,4.0,24_33_38_57,3.0,50_11_65,0.0,,1.0,36,3.0,25_34_58,2.0,51_66,urc,pool stage,EDINBURGH_SCARLETS_2021-09-25,26,22,4,950,906,28,26,29,27
2021-09-26,DRAGONS,OSPREYS,2.0,3_76,3.0,61_17_51,2.0,11_20,2.0,28_43,2.0,5_76,3.0,18_52_63,urc,pool stage,DRAGONS_OSPREYS_2021-09-26,23,27,-4,910,909,26,27,26,27
2021-10-01,SCARLETS,LIONS,4.0,4_78_18_69,1.0,59,4.0,28_38_62_66,2.0,13_32,2.0,5_19,1.0,60,urc,pool stage,SCARLETS_LIONS_2021-10-01,36,13,23,923,919,27,27,27,25
2021-10-01,CONNACHT,BULLS,5.0,48_44_80_71_15,1.0,1,1.0,33,0.0,,3.0,16_45_72,1.0,2,urc,pool stage,CONNACHT_BULLS_2021-10-01,34,7,27,916,929,27,27,27,27
2021-10-02,ZEBRE,ULSTER,0.0,,6.0,62_78_20_40_57_45,1.0,33,0.0,,0.0,,3.0,63_46_79,urc,pool stage,ZEBRE_ULSTER_2021-10-02,3,36,-33,936,911,26,26,27,26
2021-10-02,MUNSTER,STORMERS,5.0,50_46_40_55_67,2.0,19_8,1.0,80,2.0,29_65,3.0,41_46_68,1.0,21,urc,pool stage,MUNSTER_STORMERS_2021-10-02,34,18,16,901,915,27,26,27,25
2021-10-02,BENETTON,EDINBURGH,3.0,4_70_32,4.0,49_16_24_28,2.0,21_57,1.0,74,2.0,34_72,2.0,17_25,urc,pool stage,BENETTON_EDINBURGH_2021-10-02,28,27,1,893,912,25,26,27,27
2021-10-02,GLASGOW,SHARKS,5.0,19_13_1_35_42,3.0,56_25_74,0.0,,1.0,40,5.0,2_13_20_37_43,3.0,74_25_57,urc,pool stage,GLASGOW_SHARKS_2021-10-02,35,24,11,927,965,28,25,25,27
2021-10-02,OSPREYS,CARDIFF,0.0,,2.0,17_44,6.0,1_14_27_37_51_63,0.0,,0.0,,2.0,18_45,urc,pool stage,OSPREYS_CARDIFF_2021-10-02,18,14,4,909,938,26,27,27,28
2021-10-03,DRAGONS,LEINSTER,0.0,,1.0,12,2.0,62_65,0.0,,0.0,,1.0,14,urc,pool stage,DRAGONS_LEINSTER_2021-10-03,6,7,-1,908,924,26,26,27,26
2021-10-08,ULSTER,BENETTON,4.0,33_26_77_22,1.0,58,0.0,,1.0,7,4.0,23_27_34_78,0.0,,urc,pool stage,ULSTER_BENETTON_2021-10-08,28,8,20,909,899,28,25,27,26
2021-10-08,OSPREYS,SHARKS,1.0,73,2.0,41_58,2.0,2_16,2.0,67_77,1.0,74,1.0,42,urc,pool stage,OSPREYS_SHARKS_2021-10-08,13,27,-14,898,918,27,28,26,26
2021-10-09,CARDIFF,BULLS,1.0,17,2.0,42_60,4.0,4_10_33_72,5.0,25_48_63_71_76,1.0,18,2.0,43_60,urc,pool stage,CARDIFF_BULLS_2021-10-09,19,29,-10,926,933,27,28,28,26
2021-10-09,LEINSTER,ZEBRE,7.0,42_45_1_12_38_48_63,1.0,66,0.0,,0.0,,4.0,43_46_49_64,1.0,67,urc,pool stage,LEINSTER_ZEBRE_2021-10-09,43,7,36,910,893,29,26,24,25
2021-10-09,GLASGOW,LIONS,1.0,2,0.0,,2.0,15_71,3.0,5_27_42,1.0,2,0.0,,urc,pool stage,GLASGOW_LIONS_2021-10-09,13,9,4,939,908,28,25,28,24
2021-10-09,CONNACHT,DRAGONS,2.0,58_71,4.0,51_26_64_46,4.0,2_13_30_33,3.0,17_61_74,0.0,,3.0,47_52_65,urc,pool stage,CONNACHT_DRAGONS_2021-10-09,22,35,-13,896,904,26,26,27,26
2021-10-09,EDINBURGH,STORMERS,2.0,5_2,2.0,32_8,2.0,28_35,2.0,12_38,2.0,3_7,2.0,9_33,urc,pool stage,EDINBURGH_STORMERS_2021-10-09,20,20,0,941,906,27,26,27,25
2021-10-10,SCARLETS,MUNSTER,1.0,28,6.0,43_61_3_22_58_35,2.0,16_33,1.0,10,1.0,29,5.0,4_24_44_59_63,urc,pool stage,SCARLETS_MUNSTER_2021-10-10,13,43,-30,897,886,30,27,26,25
2021-10-15,DRAGONS,STORMERS,1.0,21,2.0,63_78,1.0,27,4.0,15_37_41_73,1.0,22,1.0,79,urc,pool stage,DRAGONS_STORMERS_2021-10-15,10,24,-14,904,915,26,26,27,26
2021-10-15,ULSTER,LIONS,4.0,47_3_66_34,1.0,16,0.0,,1.0,39,3.0,35_48_67,1.0,17,urc,pool stage,ULSTER_LIONS_2021-10-15,26,10,16,909,925,28,25,24,25
2021-10-16,ZEBRE,GLASGOW,0.0,,2.0,4_28,2.0,20_32,1.0,65,0.0,,2.0,5_29,urc,pool stage,ZEBRE_GLASGOW_2021-10-16,6,17,-11,919,934,25,26,28,26
2021-10-16,BENETTON,OSPREYS,4.0,5_59_65_51,4.0,35_42_47_32,0.0,,1.0,76,3.0,6_52_67,3.0,37_43_48,urc,pool stage,BENETTON_OSPREYS_2021-10-16,26,29,-3,897,928,25,27,31,26
2021-10-16,EDINBURGH,BULLS,1.0,7,1.0,69,4.0,28_32_35_73,1.0,20,0.0,,1.0,70,urc,pool stage,EDINBURGH_BULLS_2021-10-16,17,10,7,950,916,27,27,27,27
2021-10-16,LEINSTER,SCARLETS,7.0,24_18_45_70_78_60_40,2.0,48_12,1.0,3,1.0,0,5.0,25_46_61_71_79,1.0,49,urc,pool stage,LEINSTER_SCARLETS_2021-10-16,50,15,35,905,909,26,27,30,26
2021-10-16,CARDIFF,SHARKS,2.0,26_10,2.0,30_70,3.0,6_67_76,1.0,41,2.0,10_27,2.0,71_31,urc,pool stage,CARDIFF_SHARKS_2021-10-16,23,17,6,927,919,27,28,25,28
2021-10-16,MUNSTER,CONNACHT,2.0,38_77,2.0,52_68,2.0,48_58,2.0,2_9,2.0,39_79,1.0,69,urc,pool stage,MUNSTER_CONNACHT_2021-10-16,20,18,2,905,894,30,27,26,27
2021-10-22,GLASGOW,LEINSTER,2.0,38_79,4.0,6_51_27_60,1.0,15,1.0,4,1.0,39,4.0,8_28_53_61,urc,pool stage,GLASGOW_LEINSTER_2021-10-22,15,31,-16,922,896,28,26,27,27
2021-10-22,SCARLETS,BENETTON,4.0,16_54_18_64,4.0,43_57_28_72,2.0,49_70,0.0,,4.0,17_19_55_64,4.0,30_43_58_72,urc,pool stage,SCARLETS_BENETTON_2021-10-22,34,28,6,900,899,29,25,27,26
2021-10-23,OSPREYS,MUNSTER,0.0,,1.0,53,6.0,1_31_35_45_63_71,1.0,5,0.0,,1.0,54,urc,pool stage,OSPREYS_MUNSTER_2021-10-23,18,10,8,897,919,28,26,28,25
2021-10-23,ZEBRE,EDINBURGH,1.0,15,4.0,52_32_59_81,1.0,63,1.0,4,1.0,16,2.0,59_81,urc,pool stage,ZEBRE_EDINBURGH_2021-10-23,10,27,-17,912,938,26,25,27,26
2021-10-23,CARDIFF,DRAGONS,3.0,21_37_49,4.0,2_17_80_59,4.0,6_26_55_58,1.0,53,1.0,21,3.0,2_17_81,urc,pool stage,CARDIFF_DRAGONS_2021-10-23,31,29,2,930,912,28,27,26,26
2021-10-23,CONNACHT,ULSTER,5.0,11_24_81_61_64,1.0,67,1.0,27,2.0,5_16,4.0,12_24_65_82,0.0,,urc,pool stage,CONNACHT_ULSTER_2021-10-23,36,11,25,895,911,26,26,27,25
2021-11-26,CONNACHT,OSPREYS,7.0,2_43_13_22_69_77_58,2.0,17_49,1.0,12,2.0,9_36,3.0,44_70_78,1.0,50,urc,pool stage,CONNACHT_OSPREYS_2021-11-26,46,18,28,888,897,27,25,28,26
2021-11-27,DRAGONS,EDINBURGH,2.0,22_32,4.0,18_36_80_2,0.0,,2.0,56_68,2.0,23_33,2.0,3_81,urc,pool stage,DRAGONS_EDINBURGH_2021-11-27,14,30,-16,907,923,25,25,26,25
2021-11-27,BENETTON,GLASGOW,2.0,20_0,2.0,33_6,3.0,31_63_82,2.0,18_44,0.0,,1.0,34,urc,pool stage,BENETTON_GLASGOW_2021-11-27,19,18,1,894,920,27,26,28,25
2021-11-27,LEINSTER,ULSTER,1.0,50,2.0,15_78,1.0,64,2.0,47_67,1.0,50,2.0,16_79,urc,pool stage,LEINSTER_ULSTER_2021-11-27,10,20,-10,906,907,29,26,28,25
2021-12-03,LEINSTER,CONNACHT,7.0,39_57_22_49_32_41_73,3.0,61_13_28,0.0,,0.0,,6.0,23_33_42_49_58_75,2.0,29_62,urc,pool stage,LEINSTER_CONNACHT_2021-12-03,47,19,28,920,898,28,25,29,25
2021-12-03,SHARKS,BULLS,2.0,52_70,0.0,,6.0,19_32_41_51_58_67,3.0,29_36_56,1.0,53,1.0,22,urc,pool stage,SHARKS_BULLS_2021-12-03,30,16,14,925,937,25,29,27,26
2021-12-03,EDINBURGH,BENETTON,4.0,44_13_22_68,1.0,59,0.0,,1.0,8,2.0,46_69,1.0,60,urc,pool stage,EDINBURGH_BENETTON_2021-12-03,24,10,14,948,894,28,26,27,25
2021-12-04,STORMERS,LIONS,3.0,26_30_76,4.0,55_11_77_44,0.0,,3.0,14_38_68,2.0,28_77,4.0,11_44_55_79,urc,pool stage,STORMERS_LIONS_2021-12-04,19,37,-18,919,918,27,25,26,27
2021-12-04,OSPREYS,ULSTER,1.0,31,1.0,14,4.0,17_35_59_65,2.0,19_52,1.0,33,0.0,,urc,pool stage,OSPREYS_ULSTER_2021-12-04,19,13,6,909,906,26,28,26,26
2021-12-04,GLASGOW,DRAGONS,5.0,39_58_15_25_70,2.0,65_75,0.0,,0.0,,4.0,16_40_60_71,2.0,65_76,urc,pool stage,GLASGOW_DRAGONS_2021-12-04,33,14,19,917,914,28,25,26,27
2021-12-24,ZEBRE,BENETTON,2.0,63_66,5.0,16_31_34_54_71,0.0,,2.0,4_52,2.0,63_66,4.0,17_32_35_56,urc,pool stage,ZEBRE_BENETTON_2021-12-24,14,39,-25,904,884,26,26,24,26
2022-01-01,CONNACHT,MUNSTER,1.0,57,1.0,22,1.0,14,1.0,16,1.0,58,0.0,,urc,pool stage,CONNACHT_MUNSTER_2022-01-01,10,8,2,892,904,26,27,27,25
2022-01-01,SCARLETS,OSPREYS,4.0,9_52_65_77,3.0,20_56_29,0.0,,0.0,,1.0,10,2.0,21_57,urc,pool stage,SCARLETS_OSPREYS_2022-01-01,22,19,3,929,903,28,28,26,27
2022-01-08,GLASGOW,OSPREYS,5.0,21_26_61_47_72,1.0,70,1.0,7,4.0,2_10_25_30,5.0,23_28_48_62_73,1.0,70,urc,pool stage,GLASGOW_OSPREYS_2022-01-08,38,19,19,909,906,26,26,26,26
2022-01-08,EDINBURGH,CARDIFF,5.0,4_38_30_73_8,1.0,61,1.0,17,1.0,25,3.0,5_30_74,1.0,61,urc,pool stage,EDINBURGH_CARDIFF_2022-01-08,34,10,24,912,925,29,27,27,28
2022-01-08,MUNSTER,ULSTER,2.0,60_74,1.0,7,2.0,32_39,2.0,42_56,1.0,76,1.0,9,urc,pool stage,MUNSTER_ULSTER_2022-01-08,18,13,5,902,924,27,25,29,25
2022-01-22,LIONS,SHARKS,5.0,50_6_9_59_68,6.0,31_18_38_53_79_14,2.0,24_28,3.0,5_43_56,3.0,7_51_69,4.0,15_39_54_80,urc,pool stage,LIONS_SHARKS_2022-01-22,37,47,-10,921,909,27,26,25,26
2022-01-22,BULLS,STORMERS,4.0,42_65_55_51,4.0,68_6_29_79,0.0,,2.0,11_26,3.0,44_51_56,2.0,31_80,urc,pool stage,BULLS_STORMERS_2022-01-22,26,30,-4,916,919,24,29,27,26
2022-01-28,ULSTER,SCARLETS,4.0,52_34_67_65,2.0,28_61,1.0,3,1.0,9,2.0,35_66,1.0,29,urc,pool stage,ULSTER_SCARLETS_2022-01-28,27,15,12,916,921,29,25,26,26
2022-01-28,DRAGONS,BENETTON,1.0,43,1.0,22,2.0,41_61,2.0,12_46,1.0,44,1.0,23,urc,pool stage,DRAGONS_BENETTON_2022-01-28,13,13,0,918,900,26,26,26,25
2022-01-29,OSPREYS,EDINBURGH,2.0,54_43,3.0,21_25_59,3.0,29_68_74,0.0,,2.0,44_55,2.0,22_26,urc,pool stage,OSPREYS_EDINBURGH_2022-01-29,23,19,4,886,919,26,27,26,25
2022-01-29,LIONS,BULLS,1.0,56,4.0,16_52_31_74,1.0,6,2.0,1_11,1.0,57,4.0,17_32_53_75,urc,pool stage,LIONS_BULLS_2022-01-29,10,34,-24,919,920,27,25,27,27
2022-01-29,CARDIFF,LEINSTER,2.0,20_70,3.0,59_23_51,5.0,19_42_48_82_29,2.0,2_74,2.0,22_71,3.0,24_52_60,urc,pool stage,CARDIFF_LEINSTER_2022-01-29,29,27,2,913,915,28,25,28,26
2022-01-29,CONNACHT,GLASGOW,2.0,43_12,6.0,35_2_59_18_62_80,2.0,41_50,2.0,47_73,2.0,13_44,3.0,20_63_81,urc,pool stage,CONNACHT_GLASGOW_2022-01-29,20,42,-22,903,922,28,25,29,26
2022-01-29,ZEBRE,MUNSTER,2.0,39_81,5.0,71_36_21_28_66,1.0,44,1.0,18,2.0,40_82,3.0,29_37_66,urc,pool stage,ZEBRE_MUNSTER_2022-01-29,17,34,-17,904,885,26,26,25,24
2022-01-29,SHARKS,STORMERS,2.0,45_2,3.0,52_68_84,3.0,25_50_64,1.0,21,0.0,,0.0,,urc,pool stage,SHARKS_STORMERS_2022-01-29,22,22,0,928,917,26,27,27,25
2022-02-04,ULSTER,CONNACHT,4.0,20_13_41_83,2.0,46_24,2.0,53_74,0.0,,3.0,15_21_42,1.0,47,urc,pool stage,ULSTER_CONNACHT_2022-02-04,32,12,20,931,892,28,25,26,25
2022-02-05,BULLS,LIONS,3.0,38_24_48,1.0,72,0.0,,2.0,2_7,3.0,25_39_49,1.0,73,urc,pool stage,BULLS_LIONS_2022-02-05,21,13,8,920,904,27,27,25,24
2022-02-05,STORMERS,SHARKS,2.0,51_36,1.0,62,2.0,48_69,1.0,19,2.0,37_53,1.0,63,urc,pool stage,STORMERS_SHARKS_2022-02-05,20,10,10,914,928,29,24,26,26
2022-02-11,LEINSTER,EDINBURGH,4.0,19_70_31_66,1.0,74,0.0,,0.0,,3.0,20_32_72,1.0,75,urc,pool stage,LEINSTER_EDINBURGH_2022-02-11,26,7,19,896,926,26,26,25,26
2022-02-11,GLASGOW,MUNSTER,1.0,38,1.0,71,2.0,14_60,2.0,37_63,1.0,40,0.0,,urc,pool stage,GLASGOW_MUNSTER_2022-02-11,13,11,2,926,902,29,25,27,26
2022-02-12,LIONS,STORMERS,1.0,77,4.0,72_27_45_51,1.0,20,2.0,10_42,1.0,78,3.0,28_53_74,urc,pool stage,LIONS_STORMERS_2022-02-12,10,32,-22,911,914,26,26,29,25
2022-02-12,BULLS,SHARKS,4.0,43_77_38_74,4.0,27_12_57_40,0.0,,1.0,80,1.0,44,3.0,13_29_59,urc,pool stage,BULLS_SHARKS_2022-02-12,22,29,-7,927,927,27,27,28,26
2022-02-18,MUNSTER,EDINBURGH,4.0,10_41_57_76,2.0,23_70,2.0,5_17,2.0,38_49,4.0,11_43_58_77,2.0,24_70,urc,pool stage,MUNSTER_EDINBURGH_2022-02-18,34,20,14,894,916,28,26,25,27
2022-02-19,GLASGOW,BENETTON,2.0,57_20,0.0,,1.0,3,1.0,6,0.0,,0.0,,urc,pool stage,GLASGOW_BENETTON_2022-02-19,13,3,10,926,899,29,25,26,24
2022-02-19,SCARLETS,CONNACHT,2.0,18_62,3.0,40_52_21,3.0,4_35_75,4.0,26_33_43_49,1.0,19,1.0,41,urc,pool stage,SCARLETS_CONNACHT_2022-02-19,23,29,-6,906,906,28,26,27,27
2022-02-19,LEINSTER,OSPREYS,4.0,28_73_20_56,1.0,60,1.0,3,0.0,,3.0,30_58_74,1.0,61,urc,pool stage,LEINSTER_OSPREYS_2022-02-19,29,7,22,901,880,26,26,27,29
2022-02-20,DRAGONS,ULSTER,0.0,,2.0,45_39,0.0,,0.0,,0.0,,1.0,47,urc,pool stage,DRAGONS_ULSTER_2022-02-20,0,12,-12,929,906,27,26,26,25
2022-02-25,ZEBRE,BULLS,1.0,23,6.0,30_51_57_34_61_67,0.0,,1.0,30,1.0,24,6.0,32_34_52_58_62_68,urc,pool stage,ZEBRE_BULLS_2022-02-25,7,45,-38,897,927,27,25,27,26
2022-02-25,LEINSTER,LIONS,3.0,47_6_50,1.0,78,0.0,,2.0,12_36,3.0,8_47_51,1.0,78,urc,pool stage,LEINSTER_LIONS_2022-02-25,21,13,8,926,914,29,25,25,23
2022-02-26,CONNACHT,STORMERS,3.0,29_59_71,3.0,46_38_18,0.0,,0.0,,2.0,30_60,1.0,48,urc,pool stage,CONNACHT_STORMERS_2022-02-26,19,17,2,903,917,27,26,29,26
2022-02-26,BENETTON,SHARKS,1.0,62,4.0,6_41_78_25,0.0,,1.0,73,1.0,63,3.0,7_26_42,urc,pool stage,BENETTON_SHARKS_2022-02-26,7,29,-22,891,938,25,27,27,26
2022-03-04,EDINBURGH,CONNACHT,8.0,37_67_41_50_28_32_59_73,1.0,23,0.0,,1.0,10,8.0,29_33_39_42_51_60_68_75,0.0,,urc,pool stage,EDINBURGH_CONNACHT_2022-03-04,56,8,48,911,890,26,26,26,27
2022-03-04,ULSTER,CARDIFF,7.0,48_40_14_7_53_68_62,2.0,44_75,1.0,12,0.0,,5.0,8_15_49_55_70,1.0,76,urc,pool stage,ULSTER_CARDIFF_2022-03-04,48,12,36,908,888,29,26,30,26
2022-03-05,BENETTON,LEINSTER,2.0,49_76,9.0,22_46_5_35_27_64_80_55_72,1.0,11,0.0,,2.0,51_77,8.0,6_23_28_36_47_56_65_82,urc,pool stage,BENETTON_LEINSTER_2022-03-05,17,61,-44,892,899,27,26,26,27
2022-03-05,MUNSTER,DRAGONS,10.0,24_74_36_63_9_22_52_54_57_72,0.0,,0.0,,1.0,16,7.0,11_23_25_37_55_73_75,0.0,,urc,pool stage,MUNSTER_DRAGONS_2022-03-05,64,3,61,890,925,27,26,26,26
2022-03-05,SCARLETS,GLASGOW,5.0,64_57_72_41_38,1.0,3,0.0,,1.0,21,5.0,39_42_58_64_73,1.0,5,urc,pool stage,SCARLETS_GLASGOW_2022-03-05,35,10,25,907,922,27,26,29,26
2022-03-06,OSPREYS,ZEBRE,3.0,31_35_68,1.0,53,2.0,3_62,5.0,18_23_50_57_74,3.0,33_36_70,1.0,54,urc,pool stage,OSPREYS_ZEBRE_2022-03-06,27,22,5,912,896,28,27,25,25
2022-03-11,SHARKS,SCARLETS,4.0,61_86_55_72,2.0,74_46,3.0,18_38_69,2.0,8_14,3.0,55_62_87,2.0,47_74,urc,pool stage,SHARKS_SCARLETS_2022-03-11,37,20,17,926,907,29,26,27,24
2022-03-12,ULSTER,LEINSTER,2.0,8_34,1.0,28,2.0,31_41,2.0,12_41,1.0,9,1.0,28,urc,pool stage,ULSTER_LEINSTER_2022-03-12,18,13,5,920,915,30,26,27,26
2022-03-12,BULLS,MUNSTER,2.0,32_15,3.0,72_53_64,5.0,2_8_21_29_46,1.0,5,2.0,16_33,3.0,54_65_73,urc,pool stage,BULLS_MUNSTER_2022-03-12,29,24,5,927,896,27,27,27,26
2022-03-13,STORMERS,ZEBRE,9.0,38_74_1_11_59_7_23_56_78,1.0,42,0.0,,0.0,,5.0,2_8_12_24_79,1.0,42,urc,pool stage,STORMERS_ZEBRE_2022-03-13,55,7,48,902,903,29,26,24,27
2022-03-13,LIONS,CARDIFF,4.0,80_1_13_21,2.0,43_30,3.0,8_47_57,2.0,5_11,4.0,3_14_22_83,2.0,31_44,urc,pool stage,LIONS_CARDIFF_2022-03-13,37,20,17,918,910,26,24,28,27
2022-03-18,GLASGOW,EDINBURGH,3.0,8_28_55,2.0,13_47,3.0,39_64_71,1.0,34,3.0,9_29_57,2.0,14_48,urc,pool stage,GLASGOW_EDINBURGH_2022-03-18,30,17,13,909,897,28,25,26,26
2022-03-18,BULLS,SCARLETS,9.0,24_51_43_7_70_13_29_1_77,2.0,80_31,0.0,,0.0,,6.0,2_24_30_45_52_78,1.0,33,urc,pool stage,BULLS_SCARLETS_2022-03-18,57,12,45,934,909,27,26,27,25
2022-03-19,SHARKS,ZEBRE,5.0,42_7_60_69_57,0.0,,1.0,26,2.0,30_41,5.0,8_44_58_61_70,0.0,,urc,pool stage,SHARKS_ZEBRE_2022-03-19,38,6,32,923,908,28,26,25,25
2022-03-19,LIONS,MUNSTER,2.0,31_66,3.0,13_7_41,3.0,35_65_73,0.0,,2.0,32_67,3.0,8_14_42,urc,pool stage,LIONS_MUNSTER_2022-03-19,23,21,2,919,895,25,24,26,25
2022-03-20,STORMERS,CARDIFF,6.0,63_38_32_16_60_67,0.0,,0.0,,1.0,7,5.0,17_40_61_64_68,0.0,,urc,pool stage,STORMERS_CARDIFF_2022-03-20,40,3,37,899,924,29,27,29,26
2022-03-25,MUNSTER,BENETTON,6.0,64_33_45_77_18_69,3.0,40_82_54,3.0,7_41_58,1.0,24,6.0,20_35_47_66_70_78,2.0,42_84,urc,pool stage,MUNSTER_BENETTON_2022-03-25,51,22,29,871,911,25,25,28,26
2022-03-25,LIONS,OSPREYS,7.0,42_37_54_70_10_76_67,2.0,49_63,0.0,,1.0,29,5.0,11_38_43_55_77,1.0,50,urc,pool stage,LIONS_OSPREYS_2022-03-25,45,15,30,904,912,26,24,28,26
2022-03-26,SHARKS,EDINBURGH,1.0,50,3.0,19_68_55,0.0,,0.0,,0.0,,3.0,21_56_69,urc,pool stage,SHARKS_EDINBURGH_2022-03-26,5,21,-16,926,932,29,26,27,26
2022-03-26,ZEBRE,SCARLETS,3.0,54_76_57,6.0,50_60_28_21_33_70,1.0,25,1.0,14,3.0,58_56_77,4.0,22_30_33_61,urc,pool stage,ZEBRE_SCARLETS_2022-03-26,24,41,-17,905,919,26,25,27,24
2022-03-26,BULLS,DRAGONS,8.0,36_54_3_25_64_27_47_68,3.0,51_41_40,1.0,9,1.0,23,6.0,4_26_28_38_55_69,1.0,52,urc,pool stage,BULLS_DRAGONS_2022-03-26,55,20,35,930,909,28,26,25,25
2022-03-26,CONNACHT,LEINSTER,1.0,38,7.0,71_55_13_63_66_76_52,1.0,21,0.0,,0.0,,5.0,14_53_56_71_77,urc,pool stage,CONNACHT_LEINSTER_2022-03-26,8,45,-37,881,915,26,27,27,25
2022-03-26,CARDIFF,GLASGOW,4.0,33_67_56_3,4.0,28_22_14_41,2.0,10_78,0.0,,3.0,34_57_68,4.0,15_23_30_42,urc,pool stage,CARDIFF_GLASGOW_2022-03-26,32,28,4,922,927,29,27,28,26
2022-03-26,STORMERS,ULSTER,2.0,2_6,2.0,21_56,3.0,28_40_54,2.0,32_38,2.0,3_7,2.0,22_57,urc,pool stage,STORMERS_ULSTER_2022-03-26,23,20,3,932,920,28,26,29,27
2022-04-01,SHARKS,DRAGONS,6.0,29_34_47_67_58_62,0.0,,3.0,7_12_18,1.0,15,4.0,30_36_49_68,0.0,,urc,pool stage,SHARKS_DRAGONS_2022-04-01,51,3,48,948,921,26,27,27,26
2022-04-01,GLASGOW,ZEBRE,6.0,9_3_42_62_23_33,2.0,40_78,0.0,,0.0,,5.0,4_10_25_33_63,1.0,78,urc,pool stage,GLASGOW_ZEBRE_2022-04-01,40,12,28,896,925,27,26,26,24
2022-04-02,BULLS,ULSTER,4.0,66_43_55_75,1.0,63,2.0,23_52,3.0,10_30_35,4.0,43_56_67_76,1.0,64,urc,pool stage,BULLS_ULSTER_2022-04-02,34,16,18,931,926,25,26,29,25
2022-04-02,LIONS,EDINBURGH,2.0,51_29,0.0,,1.0,67,2.0,28_63,1.0,52,0.0,,urc,pool stage,LIONS_EDINBURGH_2022-04-02,15,9,6,934,915,25,23,29,26
2022-04-02,STORMERS,OSPREYS,4.0,8_4_26_53,1.0,79,1.0,39,2.0,2_17,3.0,5_9_55,1.0,81,urc,pool stage,STORMERS_OSPREYS_2022-04-02,29,13,16,937,923,27,26,27,27
2022-04-02,MUNSTER,LEINSTER,1.0,62,4.0,47_73_15_57,4.0,12_20_27_37,4.0,9_25_42_54,1.0,63,1.0,59,urc,pool stage,MUNSTER_LEINSTER_2022-04-02,19,34,-15,915,922,28,26,29,27
2022-04-02,SCARLETS,CARDIFF,4.0,44_20_31_51,2.0,77_12,3.0,6_49_73,2.0,3_28,3.0,21_44_52,2.0,14_78,urc,pool stage,SCARLETS_CARDIFF_2022-04-02,35,20,15,920,928,27,26,27,29
2022-04-02,BENETTON,CONNACHT,2.0,68_48,3.0,18_0_75,1.0,8,0.0,,2.0,49_70,3.0,1_19_76,urc,pool stage,BENETTON_CONNACHT_2022-04-02,17,21,-4,893,894,27,26,27,27
2022-04-09,STORMERS,BULLS,1.0,42,2.0,73_50,3.0,26_55_60,1.0,14,1.0,43,2.0,51_74,urc,pool stage,STORMERS_BULLS_2022-04-09,19,17,2,907,931,28,26,25,26
2022-04-09,CARDIFF,SCARLETS,2.0,11_2,7.0,40_58_42_72_77_76_52,0.0,,0.0,,2.0,4_12,6.0,42_44_59_73_76_78,urc,pool stage,CARDIFF_SCARLETS_2022-04-09,14,49,-35,921,929,28,26,27,26
2022-04-09,SHARKS,LIONS,4.0,59_6_10_69,1.0,75,3.0,30_48_80,1.0,21,4.0,7_11_61_70,1.0,76,urc,pool stage,SHARKS_LIONS_2022-04-09,37,10,27,929,908,28,26,26,24
2022-04-16,SCARLETS,DRAGONS,4.0,25_59_41_53,5.0,31_42_11_71_74,1.0,16,1.0,79,2.0,26_54,5.0,11_32_43_73_75,urc,pool stage,SCARLETS_DRAGONS_2022-04-16,27,38,-11,911,915,27,26,26,25
2022-04-22,EDINBURGH,ZEBRE,4.0,51_38_0_60,4.0,41_34_73_13,1.0,77,0.0,,3.0,1_40_52,2.0,42_74,urc,pool stage,EDINBURGH_ZEBRE_2022-04-22,29,26,3,939,944,27,26,25,25
2022-04-22,STORMERS,GLASGOW,4.0,79_52_55_34,1.0,18,2.0,30_38,0.0,,3.0,35_56_81,1.0,19,urc,pool stage,STORMERS_GLASGOW_2022-04-22,32,7,25,942,929,27,26,27,26
2022-04-22,ULSTER,MUNSTER,2.0,46_74,2.0,21_27,1.0,7,4.0,11_43_59_79,2.0,48_74,1.0,22,urc,pool stage,ULSTER_MUNSTER_2022-04-22,17,24,-7,910,911,30,26,26,27
2022-04-23,BULLS,BENETTON,6.0,58_24_73_40_48_79,2.0,10_75,2.0,46_68,5.0,6_18_32_44_64,5.0,41_49_60_74_80,2.0,11_76,urc,pool stage,BULLS_BENETTON_2022-04-23,46,29,17,931,909,25,26,26,26
2022-04-23,DRAGONS,SCARLETS,3.0,34_60_49,6.0,28_11_75_14_79_65,0.0,,0.0,,2.0,34_61,4.0,15_66_76_81,urc,pool stage,DRAGONS_SCARLETS_2022-04-23,19,38,-19,922,932,25,26,27,27
2022-04-23,LIONS,CONNACHT,4.0,53_65_69_39,3.0,2_61_9,2.0,19_46,4.0,42_50_59_74,2.0,54_70,2.0,2_62,urc,pool stage,LIONS_CONNACHT_2022-04-23,30,33,-3,902,886,25,25,26,27
2022-04-23,CARDIFF,OSPREYS,0.0,,3.0,53_60_65,2.0,27_43,1.0,47,0.0,,2.0,60_54,urc,pool stage,CARDIFF_OSPREYS_2022-04-23,6,22,-16,937,913,27,28,26,28
2022-04-23,SHARKS,LEINSTER,4.0,47_64_38_19,2.0,16_35,0.0,,3.0,27_42_52,4.0,20_40_49_65,2.0,17_36,urc,pool stage,SHARKS_LEINSTER_2022-04-23,28,23,5,955,920,28,26,24,24
2022-04-29,MUNSTER,CARDIFF,5.0,39_5_25_62_76,3.0,1_55_11,3.0,18_32_60,0.0,,4.0,7_26_41_63,3.0,3_13_56,urc,pool stage,MUNSTER_CARDIFF_2022-04-29,42,21,21,904,939,27,26,27,27
2022-04-29,BULLS,GLASGOW,4.0,58_8_42_61,2.0,73_5,1.0,27,1.0,20,3.0,9_43_58,1.0,73,urc,pool stage,BULLS_GLASGOW_2022-04-29,29,17,12,924,918,26,27,29,26
2022-04-30,OSPREYS,SCARLETS,8.0,48_53_26_44_68_57_78_15,5.0,19_23_33_74_71,0.0,,1.0,7,7.0,17_27_46_55_58_69_79,4.0,20_24_34_71,urc,pool stage,OSPREYS_SCARLETS_2022-04-30,54,36,18,913,932,26,28,27,27
2022-04-30,EDINBURGH,ULSTER,1.0,67,1.0,13,1.0,42,3.0,19_35_48,1.0,68,1.0,14,urc,pool stage,EDINBURGH_ULSTER_2022-04-30,10,16,-6,914,935,29,27,29,25
2022-04-30,STORMERS,LEINSTER,3.0,52_44_65,1.0,59,1.0,15,2.0,17_19,0.0,,1.0,60,urc,pool stage,STORMERS_LEINSTER_2022-04-30,20,13,7,928,895,27,28,24,23
2022-04-30,SHARKS,CONNACHT,5.0,48_76_23_53_44,2.0,26_35,2.0,14_73,3.0,7_20_31,5.0,25_45_49_54_77,1.0,36,urc,pool stage,SHARKS_CONNACHT_2022-04-30,41,21,20,955,896,28,26,29,26
2022-04-30,ZEBRE,DRAGONS,3.0,23_74_63,2.0,58_54,2.0,11_15,2.0,5_14,0.0,,1.0,58,urc,pool stage,ZEBRE_DRAGONS_2022-04-30,23,18,5,931,923,27,25,24,26
2022-04-30,LIONS,BENETTON,5.0,13_41_61_40_52,4.0,83_30_24_37,2.0,1_67,0.0,,3.0,41_42_62,3.0,25_30_85,urc,pool stage,LIONS_BENETTON_2022-04-30,37,29,8,934,898,25,25,26,26
2022-05-06,CARDIFF,ZEBRE,6.0,4_9_80_20_36_16,2.0,70_46,0.0,,0.0,,5.0,5_10_21_37_81,2.0,46_71,urc,pool stage,CARDIFF_ZEBRE_2022-05-06,42,14,28,923,920,27,26,27,25
2022-05-08,OSPREYS,DRAGONS,7.0,17_25_37_53_69_31_66,4.0,22_5_8_79,1.0,1,1.0,20,6.0,27_31_38_53_67_70,4.0,6_9_23_79,urc,pool stage,OSPREYS_DRAGONS_2022-05-08,50,31,19,913,914,26,30,26,26
2022-05-13,DRAGONS,CARDIFF,2.0,39_63,1.0,31,2.0,24_74,4.0,2_45_68_72,1.0,40,1.0,32,urc,pool stage,DRAGONS_CARDIFF_2022-05-13,18,19,-1,917,923,26,27,27,27
2022-05-14,BENETTON,ZEBRE,5.0,78_16_0_41_55,2.0,19_59,2.0,47_72,1.0,34,4.0,2_17_43_56,2.0,20_60,urc,pool stage,BENETTON_ZEBRE_2022-05-14,39,17,22,880,916,24,26,26,24
2022-05-20,BENETTON,CARDIFF,10.0,70_72_18_12_31_54_15_49_67_76,3.0,36_44_60,1.0,24,0.0,,8.0,13_17_19_32_56_70_73_78,3.0,37_45_61,urc,pool stage,BENETTON_CARDIFF_2022-05-20,69,21,48,883,946,25,26,28,25
2022-05-20,ULSTER,SHARKS,3.0,43_64_26,3.0,75_61_78,1.0,16,0.0,,3.0,27_44_65,3.0,62_76_79,urc,pool stage,ULSTER_SHARKS_2022-05-20,24,21,3,920,930,29,25,28,25
2022-05-20,OSPREYS,BULLS,4.0,37_56_78_77,6.0,19_3_46_61_64_41,1.0,32,0.0,,4.0,37_57_77_79,4.0,20_42_47_63,urc,pool stage,OSPREYS_BULLS_2022-05-20,31,38,-7,913,931,26,30,25,25
2022-05-21,LEINSTER,MUNSTER,4.0,1_22_53_50,3.0,11_40_16,3.0,8_45_70,2.0,48_60,2.0,22_54,2.0,16_41,urc,pool stage,LEINSTER_MUNSTER_2022-05-21,35,25,10,892,907,25,25,26,27
2022-05-21,EDINBURGH,GLASGOW,3.0,44_29_62,1.0,67,3.0,14_38_53,2.0,20_36,2.0,30_64,0.0,,urc,pool stage,EDINBURGH_GLASGOW_2022-05-21,28,11,17,911,918,29,27,29,25
2022-05-21,SCARLETS,STORMERS,2.0,70_6,4.0,37_13_41_79,3.0,3_16_27,0.0,,1.0,7,3.0,14_38_42,urc,pool stage,SCARLETS_STORMERS_2022-05-21,21,26,-5,922,927,28,27,27,27
2022-05-21,DRAGONS,LIONS,1.0,21,3.0,52_44_28,2.0,31_41,0.0,,0.0,,3.0,29_45_52,urc,pool stage,DRAGONS_LIONS_2022-05-21,11,21,-10,884,901,26,26,25,24
2022-05-21,CONNACHT,ZEBRE,4.0,16_25_6_48,3.0,77_41_66,0.0,,1.0,3,1.0,26,1.0,78,urc,pool stage,CONNACHT_ZEBRE_2022-05-21,22,20,2,892,904,26,26,25,24
2022-06-03,ULSTER,MUNSTER,5.0,42_9_60_24_32,3.0,18_52_69,1.0,56,0.0,,4.0,10_25_43_61,1.0,18,urc,Quarter-finals,ULSTER_MUNSTER_2022-06-03,36,17,19,920,898,29,26,27,28
2022-06-04,BULLS,SHARKS,3.0,44_12_50,3.0,15_57_74,2.0,19_32,2.0,4_39,3.0,13_45_51,3.0,16_59_75,urc,Quarter-finals,BULLS_SHARKS_2022-06-04,30,27,3,924,947,26,25,28,26
2022-06-04,LEINSTER,GLASGOW,12.0,14_38_23_42_53_68_55_18_63_76_47_70,2.0,4_59,0.0,,0.0,,8.0,16_19_24_43_48_54_69_70,2.0,5_60,urc,Quarter-finals,LEINSTER_GLASGOW_2022-06-04,76,14,62,912,925,25,28,29,27
2022-06-04,STORMERS,EDINBURGH,3.0,53_43_2,2.0,14_55,3.0,11_51_68,1.0,7,2.0,3_44,2.0,16_56,urc,Quarter-finals,STORMERS_EDINBURGH_2022-06-04,28,17,11,927,911,27,26,29,27
2022-06-10,LEINSTER,BULLS,4.0,8_69_32_81,3.0,19_24_52,0.0,,2.0,13_76,3.0,10_33_82,2.0,20_25,urc,Semi-finals,LEINSTER_BULLS_2022-06-10,26,27,-1,910,924,26,29,26,26
2022-06-11,STORMERS,ULSTER,3.0,3_13_84,2.0,17_27,0.0,,1.0,40,1.0,86,1.0,28,urc,Semi-finals,STORMERS_ULSTER_2022-06-11,17,15,2,927,920,27,26,29,26
2022-06-18,STORMERS,BULLS,2.0,44_56,1.0,2,1.0,42,2.0,42_64,1.0,45,1.0,3,urc,Final,STORMERS_BULLS_2022-06-18,18,13,5,927,924,27,26,26,26
2022-09-16,BENETTON,GLASGOW,4.0,36_42_79_21,1.0,60,3.0,12_47_57,2.0,16_42,2.0,43_80,0.0,,urc,pool stage,BENETTON_GLASGOW_2022-09-16,33,11,22,900,960,25,27,28,26
2022-09-17,ZEBRE,LEINSTER,5.0,55_48_32_28_69,5.0,36_20_25_5_60,0.0,,0.0,,2.0,56_70,4.0,5_21_27_37,urc,pool stage,ZEBRE_LEINSTER_2022-09-17,29,33,-4,917,923,25,26,27,25
2022-09-17,EDINBURGH,DRAGONS,7.0,34_27_53_62_41_49_60,0.0,,1.0,40,2.0,2_12,3.0,27_50_63,0.0,,urc,pool stage,EDINBURGH_DRAGONS_2022-09-17,44,6,38,934,914,27,28,27,26
2022-09-17,ULSTER,CONNACHT,5.0,37_50_27_63_75,1.0,70,1.0,44,1.0,41,4.0,28_38_52_76,1.0,71,urc,pool stage,ULSTER_CONNACHT_2022-09-17,36,10,26,906,898,27,26,28,26
2022-09-17,SCARLETS,OSPREYS,2.0,65_52,2.0,5_81,3.0,13_41_44,3.0,9_17_46,2.0,53_65,2.0,6_82,urc,pool stage,SCARLETS_OSPREYS_2022-09-17,23,23,0,933,914,29,26,29,26
2022-09-17,LIONS,BULLS,2.0,33_43,3.0,3_22_71,1.0,6,4.0,20_47_58_65,1.0,44,2.0,3_73,urc,pool stage,LIONS_BULLS_2022-09-17,15,31,-16,892,930,24,26,26,27
2022-09-17,CARDIFF,MUNSTER,3.0,37_3_77,1.0,62,1.0,68,2.0,16_30,1.0,38,1.0,63,urc,pool stage,CARDIFF_MUNSTER_2022-09-17,20,13,7,929,884,29,29,25,26
2022-09-23,ZEBRE,SHARKS,5.0,42_50_44_72_74,5.0,17_9_26_22_67,2.0,14_78,3.0,42_62_76,3.0,43_45_72,4.0,11_18_23_27,urc,pool stage,ZEBRE_SHARKS_2022-09-23,37,42,-5,924,909,26,25,26,26
2022-09-23,LEINSTER,BENETTON,6.0,5_16_28_52_45_72,1.0,57,0.0,,1.0,22,6.0,7_17_29_47_53_74,1.0,58,urc,pool stage,LEINSTER_BENETTON_2022-09-23,42,10,32,932,905,26,27,26,26
2022-09-23,GLASGOW,CARDIFF,8.0,22_51_46_29_41_73_24_64,3.0,43_15_69,0.0,,1.0,36,6.0,23_26_30_42_47_64,3.0,17_44_70,urc,pool stage,GLASGOW_CARDIFF_2022-09-23,52,24,28,931,936,28,26,28,28
2022-09-24,SCARLETS,ULSTER,5.0,40_20_17_53_62,7.0,14_5_41_33_57_48_77,2.0,24_68,2.0,43_74,4.0,19_42_54_63,7.0,6_15_34_42_49_58_78,urc,pool stage,SCARLETS_ULSTER_2022-09-24,39,55,-16,939,914,29,25,29,27
2022-09-24,BULLS,EDINBURGH,4.0,11_18_64_40,5.0,68_31_45_51_23,3.0,5_50_79,0.0,,2.0,12_42,3.0,25_32_69,urc,pool stage,BULLS_EDINBURGH_2022-09-24,33,31,2,936,923,25,27,29,27
2022-09-24,STORMERS,CONNACHT,4.0,61_66_3_82,2.0,38_70,4.0,12_26_44_54,1.0,7,3.0,5_63_84,1.0,71,urc,pool stage,STORMERS_CONNACHT_2022-09-24,38,15,23,896,880,28,26,27,26
2022-09-24,OSPREYS,LIONS,4.0,32_11_16_52,3.0,18_48_70,1.0,60,3.0,6_37_56,2.0,12_16,2.0,19_71,urc,pool stage,OSPREYS_LIONS_2022-09-24,27,28,-1,925,894,31,25,25,26
2022-09-25,DRAGONS,MUNSTER,1.0,71,2.0,36_39,6.0,9_15_22_26_34_80,1.0,2,0.0,,2.0,36_40,urc,pool stage,DRAGONS_MUNSTER_2022-09-25,23,17,6,901,897,27,27,29,26
2022-09-30,BULLS,CONNACHT,4.0,39_9_45_6,2.0,72_67,0.0,,0.0,,4.0,7_10_41_46,2.0,67_73,urc,pool stage,BULLS_CONNACHT_2022-09-30,28,14,14,939,886,26,25,30,25
2022-09-30,ULSTER,LEINSTER,1.0,61,2.0,20_7,2.0,18_72,2.0,36_45,1.0,63,2.0,9_22,urc,pool stage,ULSTER_LEINSTER_2022-09-30,13,20,-7,911,937,28,27,27,28
2022-09-30,CARDIFF,LIONS,2.0,36_67,4.0,49_77_63_41,2.0,9_25,1.0,29,1.0,37,3.0,50_64_77,urc,pool stage,CARDIFF_LIONS_2022-09-30,18,31,-13,919,888,29,28,26,25
2022-10-01,OSPREYS,GLASGOW,4.0,29_47_71_77,2.0,82_79,2.0,37_58,1.0,40,3.0,30_48_78,2.0,79_84,urc,pool stage,OSPREYS_GLASGOW_2022-10-01,32,17,15,933,930,29,26,28,28
2022-10-01,DRAGONS,SHARKS,1.0,46,2.0,61_74,4.0,11_14_27_40,2.0,8_32,1.0,47,2.0,62_75,urc,pool stage,DRAGONS_SHARKS_2022-10-01,19,20,-1,909,910,27,26,26,26
2022-10-01,BENETTON,SCARLETS,3.0,29_57_77,2.0,63_69,5.0,5_36_42_54_74,3.0,34_39_51,2.0,30_57,2.0,63_69,urc,pool stage,BENETTON_SCARLETS_2022-10-01,34,23,11,897,934,25,28,29,28
2022-10-01,STORMERS,EDINBURGH,4.0,42_41_67_80,2.0,28_75,2.0,48_64,2.0,5_52,4.0,43_44_68_82,1.0,29,urc,pool stage,STORMERS_EDINBURGH_2022-10-01,34,18,16,893,910,28,25,30,27
2022-10-01,MUNSTER,ZEBRE,3.0,8_24_17,1.0,44,0.0,,0.0,,3.0,8_18_25,0.0,,urc,pool stage,MUNSTER_ZEBRE_2022-10-01,21,5,16,882,946,28,25,25,24
2022-10-07,EDINBURGH,LIONS,3.0,19_51_59,3.0,64_56_35,0.0,,1.0,74,2.0,52_60,2.0,57_65,urc,pool stage,EDINBURGH_LIONS_2022-10-07,19,22,-3,943,898,29,26,26,25
2022-10-07,CONNACHT,MUNSTER,3.0,53_7_78,1.0,23,1.0,61,2.0,39_47,1.0,79,0.0,,urc,pool stage,CONNACHT_MUNSTER_2022-10-07,20,11,9,886,903,28,26,29,25
2022-10-08,ZEBRE,STORMERS,2.0,41_37,4.0,34_4_49_78,2.0,58_64,3.0,15_61_67,2.0,39_42,4.0,5_35_50_79,urc,pool stage,ZEBRE_STORMERS_2022-10-08,20,37,-17,929,912,25,24,27,26
2022-10-08,LEINSTER,SHARKS,8.0,46_3_68_64_57_75_24_37,5.0,34_53_30_9_72,0.0,,1.0,23,7.0,4_25_38_47_59_66_70,3.0,10_53_73,urc,pool stage,LEINSTER_SHARKS_2022-10-08,54,34,20,939,905,27,27,26,26
2022-10-08,SCARLETS,CARDIFF,1.0,71,1.0,24,1.0,22,3.0,6_46_51,1.0,72,1.0,25,urc,pool stage,SCARLETS_CARDIFF_2022-10-08,10,16,-6,946,949,29,27,30,27
2022-10-08,GLASGOW,BULLS,5.0,22_6_35_10_47,3.0,18_58_75,0.0,,0.0,,5.0,6_12_23_37_47,3.0,19_58_76,urc,pool stage,GLASGOW_BULLS_2022-10-08,35,21,14,928,955,27,27,25,27
2022-10-08,ULSTER,OSPREYS,7.0,7_22_64_41_1_32_75,2.0,12_81,0.0,,1.0,27,6.0,2_8_23_34_65_76,2.0,13_82,urc,pool stage,ULSTER_OSPREYS_2022-10-08,47,17,30,919,907,30,28,26,26
2022-10-09,BENETTON,DRAGONS,4.0,12_20_61_69,2.0,46_66,2.0,8_50,0.0,,4.0,13_22_62_70,2.0,47_66,urc,pool stage,BENETTON_DRAGONS_2022-10-09,34,14,20,895,933,25,26,25,27
2022-10-14,CONNACHT,LEINSTER,0.0,,1.0,2,0.0,,1.0,76,0.0,,1.0,4,urc,pool stage,CONNACHT_LEINSTER_2022-10-14,0,10,-10,903,897,27,26,27,25
2022-10-14,OSPREYS,STORMERS,1.0,75,1.0,53,3.0,35_50_68,3.0,12_29_71,1.0,76,1.0,54,urc,pool stage,OSPREYS_STORMERS_2022-10-14,16,16,0,920,894,27,28,26,28
2022-10-15,SCARLETS,ZEBRE,5.0,28_5_42_78_39,2.0,13_52,1.0,72,0.0,,4.0,7_29_40_43,1.0,53,urc,pool stage,SCARLETS_ZEBRE_2022-10-15,36,12,24,924,914,28,27,24,24
2022-10-15,MUNSTER,BULLS,4.0,42_61_28_35,2.0,50_64,1.0,21,1.0,10,4.0,29_36_43_62,2.0,51_65,urc,pool stage,MUNSTER_BULLS_2022-10-15,31,17,14,929,932,28,26,25,29
2022-10-15,CARDIFF,DRAGONS,4.0,15_72_12_29,2.0,49_23,1.0,71,0.0,,4.0,13_16_30_73,2.0,24_50,urc,pool stage,CARDIFF_DRAGONS_2022-10-15,31,14,17,939,909,30,28,27,27
2022-10-15,EDINBURGH,BENETTON,9.0,41_55_29_39_45_69_49_80_60,1.0,73,0.0,,1.0,2,4.0,40_46_56_70,0.0,,urc,pool stage,EDINBURGH_BENETTON_2022-10-15,53,8,45,928,906,30,26,28,24
2022-10-15,LIONS,ULSTER,5.0,32_16_75_65_60,5.0,52_39_41_45_1,2.0,7_26,2.0,9_74,3.0,17_66_77,4.0,2_42_47_53,urc,pool stage,LIONS_ULSTER_2022-10-15,37,39,-2,919,927,28,25,29,26
2022-10-15,SHARKS,GLASGOW,5.0,32_50_83_68_60,2.0,14_42,3.0,12_23_54,0.0,,3.0,33_62_68,1.0,15,urc,pool stage,SHARKS_GLASGOW_2022-10-15,40,12,28,926,926,26,28,29,26
2022-10-21,BENETTON,BULLS,1.0,54,5.0,44_75_50_71_79,5.0,11_20_36_47_57,3.0,35_42_63,1.0,54,5.0,44_51_72_77_80,urc,pool stage,BENETTON_BULLS_2022-10-21,22,44,-22,895,935,25,26,27,26
2022-10-21,CONNACHT,SCARLETS,5.0,0_34_76_53_73,1.0,14,3.0,6_28_60,3.0,4_30_58,0.0,,0.0,,urc,pool stage,CONNACHT_SCARLETS_2022-10-21,36,14,22,891,912,28,26,28,26
2022-10-22,ZEBRE,EDINBURGH,3.0,49_77_67,6.0,6_25_13_70_20_41,0.0,,0.0,,2.0,68_78,4.0,7_22_27_71,urc,pool stage,ZEBRE_EDINBURGH_2022-10-22,19,38,-19,930,938,25,24,27,26
2022-10-22,LEINSTER,MUNSTER,4.0,49_27_61_76,1.0,45,1.0,57,2.0,21_33,2.0,28_50,1.0,46,urc,pool stage,LEINSTER_MUNSTER_2022-10-22,27,13,14,919,900,27,26,25,25
2022-10-22,CARDIFF,STORMERS,2.0,16_42,4.0,20_48_27_60,6.0,9_15_33_52_69_80,0.0,,1.0,44,2.0,21_27,urc,pool stage,CARDIFF_STORMERS_2022-10-22,30,24,6,936,941,28,27,27,27
2022-10-23,DRAGONS,OSPREYS,5.0,43_23_47_74_37,3.0,77_0_26,1.0,17,2.0,14_54,1.0,44,2.0,1_78,urc,pool stage,DRAGONS_OSPREYS_2022-10-23,32,25,7,919,920,27,27,27,28
2022-10-28,SCARLETS,LEINSTER,1.0,20,5.0,47_24_0_59_72,0.0,,0.0,,0.0,,3.0,2_26_47,urc,pool stage,SCARLETS_LEINSTER_2022-10-28,5,35,-30,906,912,28,26,26,25
2022-10-28,GLASGOW,BENETTON,6.0,48_9_57_72_39_35,0.0,,1.0,28,0.0,,2.0,37_40,0.0,,urc,pool stage,GLASGOW_BENETTON_2022-10-28,37,0,37,914,928,27,26,29,26
2022-10-29,MUNSTER,ULSTER,1.0,64,3.0,13_3_40,3.0,9_47_53,0.0,,0.0,,0.0,,urc,pool stage,MUNSTER_ULSTER_2022-10-29,14,15,-1,895,911,26,25,29,26
2022-10-29,LIONS,STORMERS,1.0,35,4.0,54_9_68_74,5.0,24_31_2_5_16,1.0,21,1.0,36,4.0,10_54_69_76,urc,pool stage,LIONS_STORMERS_2022-10-29,22,31,-9,917,909,27,25,27,26
2022-10-29,DRAGONS,ZEBRE,5.0,8_46_27_65_56,1.0,32,4.0,4_16_30_38,0.0,,5.0,9_27_47_57_66,1.0,33,urc,pool stage,DRAGONS_ZEBRE_2022-10-29,47,7,40,912,919,27,27,25,24
2022-10-29,OSPREYS,CONNACHT,3.0,2_8_68,3.0,37_42_33,0.0,,0.0,,2.0,3_69,2.0,34_38,urc,pool stage,OSPREYS_CONNACHT_2022-10-29,19,22,-3,884,873,26,24,27,27
2022-10-30,BULLS,SHARKS,4.0,36_75_65_68,3.0,78_48_40,4.0,14_24_34_62,2.0,28_64,4.0,37_66_69_76,3.0,40_49_79,urc,pool stage,BULLS_SHARKS_2022-10-30,40,27,13,944,920,27,25,26,26
2022-10-30,CARDIFF,EDINBURGH,2.0,17_37,3.0,6_21_58,1.0,24,2.0,3_53,1.0,17,2.0,22_59,urc,pool stage,CARDIFF_EDINBURGH_2022-10-30,17,25,-8,924,937,28,24,26,25
2022-11-25,STORMERS,SCARLETS,5.0,22_34_17_41_14,3.0,31_53_49,1.0,40,0.0,,4.0,15_19_36_42,2.0,32_50,urc,pool stage,STORMERS_SCARLETS_2022-11-25,36,19,17,892,912,27,25,28,28
2022-11-25,ULSTER,ZEBRE,6.0,35_4_52_8_41_65,2.0,30_80,0.0,,1.0,13,3.0,9_36_42,1.0,80,urc,pool stage,ULSTER_ZEBRE_2022-11-25,36,15,21,925,910,28,25,26,24
2022-11-26,BENETTON,EDINBURGH,4.0,48_36_18_67,2.0,42_60,0.0,,1.0,1,2.0,49_68,2.0,44_61,urc,pool stage,BENETTON_EDINBURGH_2022-11-26,24,17,7,910,925,26,26,26,27
2022-11-26,BULLS,OSPREYS,7.0,69_12_19_40_6_31_77,4.0,25_56_36_74,0.0,,0.0,,4.0,7_32_41_70,3.0,26_38_75,urc,pool stage,BULLS_OSPREYS_2022-11-26,43,26,17,918,899,26,26,27,25
2022-11-26,LEINSTER,GLASGOW,6.0,7_10_23_71_77_54,1.0,48,0.0,,0.0,,5.0,8_11_24_55_78,0.0,,urc,pool stage,LEINSTER_GLASGOW_2022-11-26,40,5,35,903,920,26,25,26,26
2022-11-26,MUNSTER,CONNACHT,4.0,36_11_65_58,2.0,26_73,0.0,,1.0,9,2.0,59_66,2.0,27_73,urc,pool stage,MUNSTER_CONNACHT_2022-11-26,24,17,7,886,891,26,26,29,27
2022-11-27,LIONS,DRAGONS,3.0,32_50_72,3.0,67_44_79,3.0,3_12_41,2.0,5_15,3.0,33_51_72,2.0,69_79,urc,pool stage,LIONS_DRAGONS_2022-11-27,33,25,8,904,901,26,25,27,26
2022-11-27,SHARKS,CARDIFF,0.0,,4.0,39_49_57_24,0.0,,3.0,1_22_31,0.0,,2.0,40_58,urc,pool stage,SHARKS_CARDIFF_2022-11-27,0,35,-35,917,928,27,27,29,26
2022-12-02,SHARKS,OSPREYS,3.0,48_76_80,2.0,65_44,2.0,11_21,0.0,,2.0,77_80,0.0,,urc,pool stage,SHARKS_OSPREYS_2022-12-02,25,10,15,930,900,27,26,27,24
2022-12-02,EDINBURGH,MUNSTER,3.0,36_2_13,5.0,52_23_79_39_41,0.0,,1.0,64,1.0,3,5.0,24_40_42_53_80,urc,pool stage,EDINBURGH_MUNSTER_2022-12-02,17,38,-21,940,912,27,28,29,25
2022-12-03,BULLS,CARDIFF,6.0,59_76_42_28_68_38,0.0,,1.0,4,3.0,1_12_31,6.0,29_39_43_60_69_77,0.0,,urc,pool stage,BULLS_CARDIFF_2022-12-03,45,9,36,924,940,25,26,30,26
2022-12-03,CONNACHT,BENETTON,5.0,43_3_23_80_66,3.0,17_53_78,1.0,36,0.0,,5.0,4_23_43_67_81,2.0,18_54,urc,pool stage,CONNACHT_BENETTON_2022-12-03,38,19,19,885,904,27,28,25,26
2022-12-03,LEINSTER,ULSTER,5.0,40_75_58_62_73,4.0,28_34_21_78,1.0,2,1.0,9,5.0,41_59_63_73_76,3.0,22_29_79,urc,pool stage,LEINSTER_ULSTER_2022-12-03,38,29,9,926,914,28,26,28,27
2022-12-03,STORMERS,DRAGONS,4.0,15_8_35_21,4.0,46_70_40_74,2.0,50_57,0.0,,4.0,10_17_23_37,3.0,41_70_75,urc,pool stage,STORMERS_DRAGONS_2022-12-03,34,26,8,908,904,27,27,28,26
2022-12-03,ZEBRE,GLASGOW,3.0,19_70_76,6.0,21_48_45_67_83_74,0.0,,1.0,40,1.0,20,6.0,22_46_49_68_75_84,urc,pool stage,ZEBRE_GLASGOW_2022-12-03,17,45,-28,910,942,25,25,29,26
2022-12-04,LIONS,SCARLETS,4.0,55_20_75_11,3.0,82_32_58,2.0,5_41,0.0,,3.0,21_56_76,0.0,,urc,pool stage,LIONS_SCARLETS_2022-12-04,32,15,17,898,908,27,25,30,28
2022-12-23,SHARKS,LIONS,5.0,55_8_75_15_74,1.0,17,2.0,43_67,1.0,45,3.0,10_56_76,1.0,19,urc,pool stage,SHARKS_LIONS_2022-12-23,37,10,27,933,960,26,28,26,27
2022-12-23,CONNACHT,ULSTER,3.0,59_78_84,3.0,44_53_28,1.0,34,1.0,71,1.0,78,2.0,45_54,urc,pool stage,CONNACHT_ULSTER_2022-12-23,20,22,-2,889,905,27,28,27,27
2022-12-23,STORMERS,BULLS,4.0,48_53_49_23,3.0,63_78_25,3.0,3_10_71,2.0,20_38,3.0,49_50_54,3.0,27_63_78,urc,pool stage,STORMERS_BULLS_2022-12-23,37,27,10,918,924,29,26,25,27
2022-12-23,GLASGOW,EDINBURGH,1.0,31,1.0,57,3.0,44_66_74,1.0,79,1.0,32,1.0,58,urc,pool stage,GLASGOW_EDINBURGH_2022-12-23,16,10,6,953,910,28,27,30,25
2022-12-24,BENETTON,ZEBRE,6.0,54_30_38_12_51_75,1.0,64,0.0,,0.0,,4.0,14_39_52_76,0.0,,urc,pool stage,BENETTON_ZEBRE_2022-12-24,38,5,33,895,905,26,27,24,25
2022-12-26,OSPREYS,SCARLETS,5.0,33_23_81_14_67,2.0,30_48,1.0,52,0.0,,3.0,34_25_69,2.0,31_50,urc,pool stage,OSPREYS_SCARLETS_2022-12-26,34,14,20,915,923,27,28,29,27
2022-12-26,DRAGONS,CARDIFF,2.0,64_38,4.0,32_51_34_79,4.0,21_25_57_71,1.0,60,1.0,65,3.0,32_35_80,urc,pool stage,DRAGONS_CARDIFF_2022-12-26,24,29,-5,925,937,27,28,30,27
2022-12-26,MUNSTER,LEINSTER,3.0,30_63_43,2.0,52_48,0.0,,2.0,2_19,1.0,30,2.0,48_54,urc,pool stage,MUNSTER_LEINSTER_2022-12-26,19,20,-1,909,911,30,26,26,26
2022-12-30,EDINBURGH,GLASGOW,3.0,9_25_79,4.0,34_55_4_68,2.0,14_42,2.0,66_73,2.0,10_27,3.0,6_56_69,urc,pool stage,EDINBURGH_GLASGOW_2022-12-30,25,32,-7,934,953,29,25,28,27
2022-12-31,ZEBRE,BENETTON,2.0,6_1,6.0,43_53_76_28_67_71,1.0,38,0.0,,2.0,1_7,5.0,29_44_54_67_77,urc,pool stage,ZEBRE_BENETTON_2022-12-31,17,40,-23,917,909,26,24,27,25
2022-12-31,SHARKS,BULLS,5.0,45_39_50_81_30,2.0,18_57,4.0,8_16_27_61,2.0,1_14,4.0,40_47_51_82,2.0,19_59,urc,pool stage,SHARKS_BULLS_2022-12-31,47,20,27,940,917,30,26,25,26
2022-12-31,STORMERS,LIONS,6.0,12_27_53_68_6_77,1.0,48,0.0,,1.0,18,5.0,7_28_55_68_79,0.0,,urc,pool stage,STORMERS_LIONS_2022-12-31,40,8,32,897,950,29,26,26,25
2023-01-01,CARDIFF,OSPREYS,3.0,28_67_4,3.0,21_43_52,0.0,,1.0,77,2.0,5_68,2.0,22_54,urc,pool stage,CARDIFF_OSPREYS_2023-01-01,19,22,-3,945,910,29,27,29,26
2023-01-01,SCARLETS,DRAGONS,3.0,57_22_81,2.0,33_17,4.0,4_11_38_48,1.0,14,3.0,23_59_83,2.0,19_35,urc,pool stage,SCARLETS_DRAGONS_2023-01-01,33,17,16,925,913,30,27,26,26
2023-01-01,ULSTER,MUNSTER,1.0,66,2.0,43_79,3.0,15_19_24,1.0,73,0.0,,1.0,80,urc,pool stage,ULSTER_MUNSTER_2023-01-01,14,15,-1,909,911,28,27,28,26
2023-01-01,LEINSTER,CONNACHT,7.0,21_71_75_68_2_31_44,2.0,16_36,0.0,,0.0,,3.0,23_32_72,1.0,16,urc,pool stage,LEINSTER_CONNACHT_2023-01-01,41,12,29,911,901,25,25,26,27
2023-01-06,MUNSTER,LIONS,5.0,28_48_75_9_79,0.0,,0.0,,1.0,5,4.0,30_49_76_81,0.0,,urc,pool stage,MUNSTER_LIONS_2023-01-06,33,3,30,884,933,25,27,24,26
2023-01-06,DRAGONS,BULLS,2.0,24_34,4.0,59_3_64_15,0.0,,1.0,11,2.0,25_35,2.0,5_60,urc,pool stage,DRAGONS_BULLS_2023-01-06,14,29,-15,919,924,27,27,25,26
2023-01-07,OSPREYS,LEINSTER,1.0,14,3.0,36_67_63,4.0,10_43_54_72,1.0,20,1.0,15,3.0,37_64_69,urc,pool stage,OSPREYS_LEINSTER_2023-01-07,19,24,-5,918,920,28,25,28,25
2023-01-07,CARDIFF,SCARLETS,3.0,48_35_62,3.0,3_28_26,1.0,1,3.0,44_51_71,2.0,36_49,2.0,4_30,urc,pool stage,CARDIFF_SCARLETS_2023-01-07,22,28,-6,938,929,30,27,29,27
2023-01-07,CONNACHT,SHARKS,4.0,19_23_55_39,2.0,60_77,0.0,,0.0,,2.0,24_40,1.0,61,urc,pool stage,CONNACHT_SHARKS_2023-01-07,24,12,12,889,912,27,27,27,25
2023-01-07,BENETTON,ULSTER,3.0,13_18_63,4.0,8_54_67_74,3.0,35_59_77,1.0,40,2.0,14_19,2.0,9_69,urc,pool stage,BENETTON_ULSTER_2023-01-07,31,29,2,899,904,27,26,28,27
2023-01-07,EDINBURGH,ZEBRE,4.0,69_17_21_78,3.0,66_43_50,0.0,,0.0,,2.0,70_80,1.0,67,urc,pool stage,EDINBURGH_ZEBRE_2023-01-07,24,17,7,897,907,27,26,27,25
2023-01-08,GLASGOW,STORMERS,4.0,16_50_7_78,3.0,13_29_61,0.0,,0.0,,2.0,51_80,1.0,14,urc,pool stage,GLASGOW_STORMERS_2023-01-08,24,17,7,961,897,28,26,29,25
2023-01-27,ULSTER,STORMERS,5.0,45_41_13_20_56,1.0,76,0.0,,0.0,,5.0,14_21_43_46_57,0.0,,urc,pool stage,ULSTER_STORMERS_2023-01-27,35,5,30,923,890,29,27,28,25
2023-01-27,SCARLETS,BULLS,4.0,14_9_20_75,4.0,54_4_35_61,3.0,2_31_45,0.0,,4.0,10_15_21_77,4.0,5_36_55_62,urc,pool stage,SCARLETS_BULLS_2023-01-27,37,28,9,911,924,29,25,25,26
2023-01-28,EDINBURGH,SHARKS,3.0,27_35_38,3.0,61_5_18,0.0,,1.0,42,2.0,28_37,2.0,6_19,urc,pool stage,EDINBURGH_SHARKS_2023-01-28,19,22,-3,938,908,28,27,27,27
2023-01-28,BENETTON,MUNSTER,4.0,6_12_57_81,6.0,49_30_42_16_76_71,2.0,39_46,0.0,,2.0,13_82,5.0,17_31_42_50_77,urc,pool stage,BENETTON_MUNSTER_2023-01-28,30,40,-10,906,887,26,26,25,26
2023-01-28,DRAGONS,GLASGOW,4.0,56_15_18_80,6.0,7_21_40_1_47_73,0.0,,0.0,,4.0,16_19_57_80,6.0,2_8_22_40_48_74,urc,pool stage,DRAGONS_GLASGOW_2023-01-28,28,42,-14,909,956,26,28,29,25
2023-01-28,LEINSTER,CARDIFF,6.0,48_6_19_29_82_55,2.0,79_66,0.0,,0.0,,4.0,20_30_49_83,2.0,67_79,urc,pool stage,LEINSTER_CARDIFF_2023-01-28,38,14,24,916,925,26,24,28,29
2023-01-28,CONNACHT,LIONS,6.0,14_25_42_61_2_35,3.0,10_64_31,1.0,7,1.0,4,5.0,15_25_36_43_62,3.0,11_32_65,urc,pool stage,CONNACHT_LIONS_2023-01-28,43,24,19,892,937,26,27,26,27
2023-01-29,ZEBRE,OSPREYS,4.0,49_29_34_19,4.0,1_63_68_5,0.0,,0.0,,2.0,30_35,4.0,2_6_65_69,urc,pool stage,ZEBRE_OSPREYS_2023-01-29,24,28,-4,918,895,26,25,29,25
2023-02-04,SHARKS,STORMERS,3.0,38_69_62,6.0,31_17_1_57_41_48,0.0,,2.0,25_74,2.0,39_63,5.0,18_33_42_49_2,urc,pool stage,SHARKS_STORMERS_2023-02-04,19,46,-27,907,902,26,26,29,26
2023-02-17,MUNSTER,OSPREYS,9.0,14_52_79_40_36_62_18_29_68,0.0,,1.0,12,1.0,3,5.0,15_37_53_68_79,0.0,,urc,pool stage,MUNSTER_OSPREYS_2023-02-17,58,3,55,902,915,26,26,29,25
2023-02-17,GLASGOW,ULSTER,3.0,17_64_74,1.0,29,0.0,,2.0,41_83,1.0,76,0.0,,urc,pool stage,GLASGOW_ULSTER_2023-02-17,17,11,6,939,907,27,26,27,27
2023-02-18,LEINSTER,DRAGONS,7.0,35_25_3_41_46_79_72,2.0,32_63,0.0,,0.0,,4.0,4_26_42_73,2.0,33_64,urc,pool stage,LEINSTER_DRAGONS_2023-02-18,43,14,29,916,891,26,25,26,27
2023-02-18,SCARLETS,EDINBURGH,6.0,11_49_5_46_31_75,2.0,59_20,0.0,,0.0,,6.0,6_13_32_47_49_76,2.0,21_60,urc,pool stage,SCARLETS_EDINBURGH_2023-02-18,42,14,28,913,933,27,25,28,26
2023-02-18,ZEBRE,CONNACHT,4.0,54_33_60_44,9.0,5_23_26_37_42_30_80_76_72,2.0,8_13,0.0,,4.0,34_46_56_61,6.0,6_28_38_43_73_77,urc,pool stage,ZEBRE_CONNACHT_2023-02-18,34,57,-23,903,872,26,25,26,26
2023-02-18,CARDIFF,BENETTON,4.0,49_1_6_81,2.0,34_3,2.0,13_28,1.0,40,2.0,50_83,0.0,,urc,pool stage,CARDIFF_BENETTON_2023-02-18,30,13,17,949,906,30,28,26,26
2023-02-18,BULLS,STORMERS,1.0,64,2.0,27_51,4.0,6_11_15_24,2.0,13_38,1.0,65,2.0,28_53,urc,pool stage,BULLS_STORMERS_2023-02-18,19,23,-4,929,897,26,27,30,27
2023-02-18,LIONS,SHARKS,1.0,33,4.0,72_26_48_66,0.0,,1.0,58,1.0,34,3.0,27_49_73,urc,pool stage,LIONS_SHARKS_2023-02-18,7,29,-22,957,911,28,25,27,26
2023-02-25,SHARKS,ULSTER,4.0,50_1_29_67,4.0,56_43_24_32,0.0,,1.0,18,2.0,30_51,4.0,25_33_43_58,urc,pool stage,SHARKS_ULSTER_2023-02-25,24,31,-7,917,911,26,27,30,26
2023-02-25,LIONS,GLASGOW,5.0,52_24_21_36_30,4.0,56_7_38_61,2.0,40_75,0.0,,2.0,22_25,2.0,8_39,urc,pool stage,LIONS_GLASGOW_2023-02-25,35,24,11,943,939,26,25,26,26
2023-03-03,GLASGOW,ZEBRE,8.0,9_27_43_30_47_58_82_72,1.0,1,0.0,,1.0,19,5.0,10_44_48_60_73,0.0,,urc,pool stage,GLASGOW_ZEBRE_2023-03-03,50,8,42,945,903,28,26,25,25
2023-03-03,MUNSTER,SCARLETS,7.0,49_26_23_41_12_64_2,6.0,45_60_53_34_76_70,0.0,,0.0,,7.0,3_12_24_27_41_49_65,6.0,35_46_54_60_71_77,urc,pool stage,MUNSTER_SCARLETS_2023-03-03,49,42,7,891,911,26,25,27,26
2023-03-04,STORMERS,SHARKS,4.0,20_14_31_54,3.0,71_65_58,1.0,82,2.0,8_19,3.0,21_32_55,1.0,66,urc,pool stage,STORMERS_SHARKS_2023-03-04,29,23,6,889,914,28,26,26,25
2023-03-04,BULLS,LIONS,4.0,61_37_28_46,2.0,23_12,1.0,1,5.0,6_17_32_65_69,1.0,62,2.0,13_24,urc,pool stage,BULLS_LIONS_2023-03-04,25,29,-4,909,962,26,27,26,25
2023-03-04,EDINBURGH,LEINSTER,4.0,14_76_7_45,7.0,30_51_55_22_57_10_42,1.0,18,0.0,,2.0,77_15,6.0,11_23_32_52_56_58,urc,pool stage,EDINBURGH_LEINSTER_2023-03-04,27,47,-20,947,924,29,28,27,24
2023-03-04,OSPREYS,BENETTON,3.0,73_81_6,2.0,51_21,1.0,25,3.0,32_37_48,1.0,74,1.0,22,urc,pool stage,OSPREYS_BENETTON_2023-03-04,20,21,-1,912,909,28,26,26,25
2023-03-04,DRAGONS,CONNACHT,2.0,11_41,3.0,20_60_50,2.0,23_47,1.0,9,2.0,13_42,2.0,21_51,urc,pool stage,DRAGONS_CONNACHT_2023-03-04,20,22,-2,905,873,27,28,26,26
2023-03-04,CARDIFF,ULSTER,3.0,6_62_67,6.0,24_51_18_1_60_71,1.0,16,0.0,,1.0,67,6.0,2_19_25_52_62_72,urc,pool stage,CARDIFF_ULSTER_2023-03-04,20,42,-22,958,911,29,27,29,24
2023-03-24,ZEBRE,CARDIFF,4.0,29_2_73_68,4.0,51_21_26_46,2.0,39_44,2.0,13_66,2.0,3_68,4.0,23_27_48_52,urc,pool stage,ZEBRE_CARDIFF_2023-03-24,30,34,-4,907,924,26,25,26,28
2023-03-24,LEINSTER,STORMERS,4.0,39_43_59_53,3.0,20_33_68,0.0,,1.0,7,1.0,59,2.0,21_34,urc,pool stage,LEINSTER_STORMERS_2023-03-24,22,22,0,924,930,27,25,29,27
2023-03-25,ULSTER,BULLS,4.0,25_42_54_2,2.0,32_18,2.0,73_80,3.0,13_40_62,3.0,26_43_54,2.0,19_33,urc,pool stage,ULSTER_BULLS_2023-03-25,32,23,9,922,924,29,25,25,27
2023-03-25,MUNSTER,GLASGOW,4.0,52_77_70_57,5.0,5_60_31_24_39,0.0,,0.0,,3.0,53_57_71,5.0,6_25_32_40_62,urc,pool stage,MUNSTER_GLASGOW_2023-03-25,26,38,-12,895,937,27,27,27,26
2023-03-25,SCARLETS,SHARKS,2.0,8_44,2.0,58_27,6.0,14_22_52_55_71_75,2.0,42_64,2.0,9_46,2.0,28_59,urc,pool stage,SCARLETS_SHARKS_2023-03-25,32,20,12,917,935,28,26,27,27
2023-03-25,BENETTON,LIONS,4.0,33_26_22_59,4.0,61_68_64_30,0.0,,2.0,17_42,4.0,23_27_35_60,3.0,31_65_69,urc,pool stage,BENETTON_LIONS_2023-03-25,28,32,-4,906,962,25,26,26,25
2023-03-25,OSPREYS,DRAGONS,5.0,6_37_42_56_50,2.0,53_75,2.0,18_29,2.0,21_41,3.0,7_43_57,0.0,,urc,pool stage,OSPREYS_DRAGONS_2023-03-25,37,18,19,917,892,29,25,28,27
2023-03-25,CONNACHT,EDINBURGH,6.0,20_44_39_61_63_7,4.0,33_46_77_50,1.0,16,0.0,,4.0,21_44_61_64,3.0,34_47_77,urc,pool stage,CONNACHT_EDINBURGH_2023-03-25,41,26,15,877,929,26,26,28,28
2023-04-14,SHARKS,BENETTON,6.0,41_14_31_54_61_66,5.0,1_69_50_6_58,1.0,79,0.0,,5.0,15_32_42_56_67,4.0,3_7_59_70,urc,pool stage,SHARKS_BENETTON_2023-04-14,43,33,10,926,898,29,26,27,26
2023-04-14,GLASGOW,SCARLETS,2.0,35_54,0.0,,0.0,,3.0,5_12_49,1.0,55,0.0,,urc,pool stage,GLASGOW_SCARLETS_2023-04-14,12,9,3,955,905,29,27,25,26
2023-04-14,ULSTER,DRAGONS,6.0,29_37_48_7_67_79,3.0,54_56_11,0.0,,0.0,,4.0,9_38_50_68,2.0,12_55,urc,pool stage,ULSTER_DRAGONS_2023-04-14,40,19,21,913,914,27,27,27,26
2023-04-15,EDINBURGH,OSPREYS,7.0,7_16_40_4_57_72_19,3.0,10_47_75,0.0,,0.0,,5.0,5_8_17_19_41,3.0,11_48_76,urc,pool stage,EDINBURGH_OSPREYS_2023-04-15,45,21,24,918,919,29,28,29,28
2023-04-15,STORMERS,MUNSTER,4.0,65_29_43_80,4.0,1_21_73_57,0.0,,0.0,,2.0,43_81,3.0,2_58_74,urc,pool stage,STORMERS_MUNSTER_2023-04-15,24,26,-2,941,918,28,27,28,26
2023-04-15,CONNACHT,CARDIFF,6.0,17_26_36_12_75_65,3.0,30_48_79,0.0,,0.0,,3.0,13_27_37,2.0,31_80,urc,pool stage,CONNACHT_CARDIFF_2023-04-15,38,19,19,875,915,27,27,28,28
2023-04-15,BULLS,ZEBRE,11.0,48_35_60_69_4_21_2_29_63_73_79,2.0,11_56,1.0,40,0.0,,10.0,5_22_31_36_49_61_64_70_74_80,1.0,57,urc,pool stage,BULLS_ZEBRE_2023-04-15,78,12,66,924,924,25,27,26,25
2023-04-15,LIONS,LEINSTER,5.0,36_25_13_32_58,5.0,45_1_29_74_68,1.0,49,2.0,62_80,3.0,26_33_37,4.0,2_31_46_74,urc,pool stage,LIONS_LEINSTER_2023-04-15,36,39,-3,936,919,27,26,26,24
2023-04-21,STORMERS,BENETTON,6.0,51_41_42_13_58_65,3.0,17_62_78,0.0,,1.0,4,4.0,43_53_59_66,1.0,18,urc,pool stage,STORMERS_BENETTON_2023-04-21,38,22,16,916,897,27,28,24,27
2023-04-21,ULSTER,EDINBURGH,3.0,64_41_25,2.0,7_75,3.0,37_43_78,0.0,,2.0,42_65,2.0,8_75,urc,pool stage,ULSTER_EDINBURGH_2023-04-21,28,14,14,922,927,30,26,29,27
2023-04-22,GLASGOW,CONNACHT,4.0,32_16_0_61,3.0,29_75_5,1.0,73,2.0,24_67,3.0,2_17_62,2.0,30_76,urc,pool stage,GLASGOW_CONNACHT_2023-04-22,29,27,2,931,878,28,27,27,26
2023-04-22,LIONS,ZEBRE,8.0,66_31_9_49_15_37_41_59,5.0,0_27_34_68_72,0.0,,2.0,18_44,5.0,9_32_42_60_67,2.0,28_35,urc,pool stage,LIONS_ZEBRE_2023-04-22,50,35,15,947,906,27,25,25,25
2023-04-22,DRAGONS,SCARLETS,4.0,3_80_15_6,2.0,70_23,1.0,47,0.0,,4.0,4_7_16_81,2.0,23_70,urc,pool stage,DRAGONS_SCARLETS_2023-04-22,31,14,17,911,924,27,27,26,26
2023-04-22,BULLS,LEINSTER,9.0,39_41_13_58_50_46_60_24_32,1.0,53,1.0,6,0.0,,7.0,14_25_33_40_47_59_61,1.0,54,urc,pool stage,BULLS_LEINSTER_2023-04-22,62,7,55,924,887,25,26,24,23
2023-04-22,SHARKS,MUNSTER,3.0,5_38_28,3.0,64_53_47,1.0,43,1.0,15,2.0,30_39,1.0,65,urc,pool stage,SHARKS_MUNSTER_2023-04-22,22,22,0,924,899,28,28,28,26
2023-04-22,OSPREYS,CARDIFF,3.0,45_68_62,5.0,24_58_29_31_75,0.0,,1.0,41,3.0,46_63_68,5.0,25_30_32_59_77,urc,pool stage,OSPREYS_CARDIFF_2023-04-22,21,38,-17,934,923,30,28,28,28
2023-05-05,ULSTER,CONNACHT,1.0,63,0.0,,1.0,20,5.0,24_33_40_44_74,1.0,64,0.0,,urc,Quarter-finals,ULSTER_CONNACHT_2023-05-05,10,15,-5,922,887,30,27,27,28
2023-05-06,STORMERS,BULLS,3.0,8_33_46,3.0,38_57_80,4.0,16_42_61_75,0.0,,3.0,9_35_47,3.0,58_81_39,urc,Quarter-finals,STORMERS_BULLS_2023-05-06,33,21,12,928,924,29,27,26,27
2023-05-06,GLASGOW,MUNSTER,1.0,66,2.0,22_27,0.0,,0.0,,0.0,,2.0,23_28,urc,Quarter-finals,GLASGOW_MUNSTER_2023-05-06,5,14,-9,928,927,28,28,29,26
2023-05-06,LEINSTER,SHARKS,5.0,20_50_13_23_74,1.0,6,0.0,,0.0,,5.0,14_22_24_51_75,0.0,,urc,Quarter-finals,LEINSTER_SHARKS_2023-05-06,35,5,30,904,931,25,28,27,26
2023-05-13,LEINSTER,MUNSTER,2.0,38_62,1.0,45,1.0,2,2.0,11_24,1.0,39,1.0,46,urc,Semi-finals,LEINSTER_MUNSTER_2023-05-13,15,16,-1,919,901,27,27,29,27
2023-05-13,STORMERS,CONNACHT,6.0,27_32_79_15_76_64,4.0,58_39_12_74,1.0,24,1.0,3,5.0,16_28_33_65_81,1.0,59,urc,Semi-finals,STORMERS_CONNACHT_2023-05-13,43,25,18,931,887,27,26,27,28
2023-05-27,STORMERS,MUNSTER,2.0,49_5,3.0,9_74_28,0.0,,0.0,,2.0,6_50,2.0,30_76,urc,Final,STORMERS_MUNSTER_2023-05-27,14,19,-5,928,901,29,28,29,27
2023-10-21,DRAGONS,EDINBURGH,2.0,1_16,1.0,64,1.0,45,5.0,29_42_55_72_80,2.0,2_18,1.0,65,urc,pool stage,DRAGONS_EDINBURGH_2023-10-21,17,22,-5,917,923,27,27,28,26
2023-10-21,LIONS,STORMERS,5.0,5_78_61_71_45,4.0,33_37_8_41,0.0,,3.0,19_17_54,4.0,72_79_5_45,3.0,9_34_38,urc,pool stage,LIONS_STORMERS_2023-10-21,33,35,-2,891,907,27,26,26,28
2023-10-21,CONNACHT,OSPREYS,4.0,11_23_33_56,4.0,75_53_49_39,2.0,2_5,0.0,,4.0,11_24_33_58,3.0,49_53_76,urc,pool stage,CONNACHT_OSPREYS_2023-10-21,34,26,8,885,883,27,26,27,25
2023-10-21,ZEBRE,ULSTER,6.0,4_13_41_70_22_41,6.0,52_66_9_29_60_16,0.0,,0.0,,3.0,5_14_23,5.0,11_17_30_53_68,urc,pool stage,ZEBRE_ULSTER_2023-10-21,36,40,-4,907,914,27,24,27,26
2023-10-21,CARDIFF,BENETTON,3.0,26_17_31,2.0,36_65,1.0,60,3.0,10_46_79,2.0,19_27,2.0,37_66,urc,pool stage,CARDIFF_BENETTON_2023-10-21,22,23,-1,913,914,26,26,25,27
2023-10-21,MUNSTER,SHARKS,5.0,26_20_77_40_66,3.0,37_47_81,1.0,44,0.0,,3.0,21_27_42,3.0,38_48_81,urc,pool stage,MUNSTER_SHARKS_2023-10-21,34,21,13,888,887,26,25,27,27
2023-10-22,BULLS,SCARLETS,9.0,24_2_5_14_65_44_62_51_57,3.0,38_68_30,0.0,,0.0,,9.0,3_6_15_25_45_51_58_63_66,3.0,31_40_68,urc,pool stage,BULLS_SCARLETS_2023-10-22,63,21,42,944,900,26,27,25,25
2023-10-22,GLASGOW,LEINSTER,7.0,37_32_20_12_74_52_78,3.0,28_71_44,0.0,,2.0,15_18,3.0,13_33_75,2.0,29_45,urc,pool stage,GLASGOW_LEINSTER_2023-10-22,43,25,18,923,910,27,27,24,25
2023-10-28,OSPREYS,ZEBRE,4.0,15_21_42_49,5.0,8_3_24_61_80,2.0,35_77,0.0,,4.0,16_22_43_50,3.0,4_25_62,urc,pool stage,OSPREYS_ZEBRE_2023-10-28,34,31,3,899,907,27,25,27,24
2023-10-28,STORMERS,SCARLETS,8.0,6_12_26_42_28_58_35_71,1.0,15,0.0,,0.0,,6.0,7_29_36_43_59_72,1.0,16,urc,pool stage,STORMERS_SCARLETS_2023-10-28,52,7,45,903,908,28,28,25,25
2023-10-28,CONNACHT,GLASGOW,3.0,45_18_60,4.0,40_15_78_24,5.0,4_8_14_52_57,0.0,,2.0,46_61,2.0,16_79,urc,pool stage,CONNACHT_GLASGOW_2023-10-28,34,26,8,887,939,27,27,28,27
2023-10-28,LEINSTER,SHARKS,5.0,21_4_65_52_80,1.0,79,1.0,48,2.0,1_9,3.0,22_53_81,1.0,80,urc,pool stage,LEINSTER_SHARKS_2023-10-28,34,13,21,922,902,27,24,24,27
2023-10-28,EDINBURGH,LIONS,2.0,13_62,1.0,58,1.0,41,3.0,15_38_68,2.0,13_63,1.0,59,urc,pool stage,EDINBURGH_LIONS_2023-10-28,17,16,1,937,909,30,26,27,26
2023-10-29,BENETTON,MUNSTER,1.0,36,1.0,79,2.0,9_15,2.0,13_73,1.0,37,1.0,80,urc,pool stage,BENETTON_MUNSTER_2023-10-29,13,13,0,897,890,25,27,26,25
2023-10-29,DRAGONS,CARDIFF,0.0,,1.0,32,3.0,9_36_78,3.0,12_18_66,0.0,,1.0,33,urc,pool stage,DRAGONS_CARDIFF_2023-10-29,9,16,-7,925,911,27,27,27,25
2023-10-29,ULSTER,BULLS,2.0,9_28,3.0,35_68_40,4.0,42_50_63_73,0.0,,2.0,10_30,2.0,36_68,urc,pool stage,ULSTER_BULLS_2023-10-29,26,19,7,920,944,27,26,26,27
2023-11-03,GLASGOW,STORMERS,3.0,28_40_24,0.0,,1.0,33,3.0,19_27_36,1.0,24,0.0,,urc,pool stage,GLASGOW_STORMERS_2023-11-03,20,9,11,944,905,29,26,28,28
2023-11-03,OSPREYS,SHARKS,3.0,39_14_28,1.0,3,0.0,,0.0,,2.0,29_40,0.0,,urc,pool stage,OSPREYS_SHARKS_2023-11-03,19,5,14,888,899,25,24,26,27
2023-11-04,LEINSTER,EDINBURGH,5.0,20_32_57_51_39,3.0,73_66_53,1.0,70,2.0,17_36,4.0,21_33_40_52,3.0,54_67_73,urc,pool stage,LEINSTER_EDINBURGH_2023-11-04,36,27,9,922,906,25,24,31,26
2023-11-04,CONNACHT,ULSTER,3.0,73_48_53,2.0,41_33,1.0,19,2.0,22_36,2.0,48_54,2.0,33_42,urc,pool stage,CONNACHT_ULSTER_2023-11-04,22,20,2,881,892,26,26,27,24
2023-11-04,MUNSTER,DRAGONS,7.0,47_17_53_21_73_14_64,2.0,35_80,0.0,,0.0,,5.0,15_48_54_65_74,2.0,36_81,urc,pool stage,MUNSTER_DRAGONS_2023-11-04,45,14,31,895,899,25,24,26,25
2023-11-04,ZEBRE,BULLS,4.0,8_29_56_67,8.0,16_26_20_50_69_78_42_74,1.0,36,0.0,,3.0,29_58_68,7.0,17_21_27_43_52_75_79,urc,pool stage,ZEBRE_BULLS_2023-11-04,29,54,-25,903,927,24,24,27,27
2023-11-04,SCARLETS,CARDIFF,4.0,19_64_52_37,3.0,28_4_75,1.0,73,2.0,43_60,4.0,20_38_53_65,2.0,6_30,urc,pool stage,SCARLETS_CARDIFF_2023-11-04,31,25,6,897,908,25,26,27,25
2023-11-05,BENETTON,LIONS,2.0,4_70,1.0,62,1.0,55,1.0,17,1.0,6,1.0,63,urc,pool stage,BENETTON_LIONS_2023-11-05,15,10,5,893,882,26,25,26,27
2023-11-10,ZEBRE,SHARKS,0.0,,1.0,15,4.0,13_6_59_66,1.0,9,0.0,,1.0,17,urc,pool stage,ZEBRE_SHARKS_2023-11-10,12,10,2,905,901,27,25,25,28
2023-11-10,CARDIFF,BULLS,2.0,22_52,2.0,10_13,0.0,,2.0,42_61,1.0,53,1.0,14,urc,pool stage,CARDIFF_BULLS_2023-11-10,12,18,-6,896,921,26,26,27,26
2023-11-10,ULSTER,MUNSTER,2.0,67_26,2.0,8_17,3.0,13_46_63,0.0,,1.0,68,2.0,9_19,urc,pool stage,ULSTER_MUNSTER_2023-11-10,21,14,7,908,895,25,27,26,25
2023-11-11,BENETTON,STORMERS,2.0,23_55,3.0,36_46_30,1.0,34,0.0,,2.0,24_56,1.0,47,urc,pool stage,BENETTON_STORMERS_2023-11-11,20,17,3,896,906,26,26,28,29
2023-11-11,SCARLETS,LIONS,2.0,68_16,3.0,51_21_76,3.0,3_47_54,1.0,73,2.0,18_69,3.0,21_52_78,urc,pool stage,SCARLETS_LIONS_2023-11-11,23,24,-1,918,890,25,26,27,26
2023-11-11,OSPREYS,GLASGOW,2.0,56_5,4.0,37_44_51_80,3.0,25_55_72,1.0,76,2.0,6_57,4.0,38_45_52_81,urc,pool stage,OSPREYS_GLASGOW_2023-11-11,23,31,-8,891,946,26,26,29,27
2023-11-11,EDINBURGH,CONNACHT,3.0,66_4_45,3.0,75_50_57,1.0,55,1.0,34,2.0,6_47,2.0,50_76,urc,pool stage,EDINBURGH_CONNACHT_2023-11-11,25,22,3,919,881,28,27,25,27
2023-11-12,DRAGONS,LEINSTER,1.0,49,5.0,8_37_61_40_81,1.0,14,0.0,,1.0,49,4.0,9_38_42_82,urc,pool stage,DRAGONS_LEINSTER_2023-11-12,10,33,-23,904,918,29,25,24,25
2023-11-17,ZEBRE,CARDIFF,3.0,33_37_84,3.0,54_71_10,1.0,61,1.0,66,2.0,34_85,2.0,11_55,urc,pool stage,ZEBRE_CARDIFF_2023-11-17,22,22,0,901,912,26,24,26,26
2023-11-17,EDINBURGH,BULLS,4.0,32_42_63_48,2.0,65_8,3.0,15_18_80,3.0,22_29_72,1.0,64,2.0,9_66,urc,pool stage,EDINBURGH_BULLS_2023-11-17,31,23,8,911,944,29,27,26,26
2023-11-17,ULSTER,LIONS,3.0,46_41_28,2.0,34_10,1.0,67,1.0,44,3.0,30_42_46,2.0,12_35,urc,pool stage,ULSTER_LIONS_2023-11-17,24,17,7,903,939,28,26,28,26
2023-11-18,LEINSTER,SCARLETS,8.0,15_79_3_8_59_73_49_65,1.0,26,0.0,,0.0,,7.0,9_16_50_61_66_74_80,0.0,,urc,pool stage,LEINSTER_SCARLETS_2023-11-18,54,5,49,906,906,26,25,24,26
2023-11-18,GLASGOW,BENETTON,4.0,66_20_54_16,0.0,,0.0,,4.0,6_10_22_59,3.0,17_21_67,0.0,,urc,pool stage,GLASGOW_BENETTON_2023-11-18,26,12,14,936,902,28,27,27,27
2023-11-18,DRAGONS,OSPREYS,2.0,37_65,1.0,4,2.0,24_30,0.0,,2.0,38_66,0.0,,urc,pool stage,DRAGONS_OSPREYS_2023-11-18,20,5,15,915,910,28,26,28,26
2023-11-18,SHARKS,CONNACHT,2.0,31_49,1.0,7,0.0,,2.0,34_66,1.0,51,1.0,8,urc,pool stage,SHARKS_CONNACHT_2023-11-18,12,13,-1,899,880,26,27,28,27
2023-11-18,MUNSTER,STORMERS,1.0,39,0.0,,1.0,14,1.0,45,1.0,40,0.0,,urc,pool stage,MUNSTER_STORMERS_2023-11-18,10,3,7,904,909,28,26,28,28
2023-11-24,CARDIFF,STORMERS,4.0,33_53_81_23,3.0,4_12_50,1.0,63,1.0,27,4.0,24_34_54_84,3.0,5_13_51,urc,pool stage,CARDIFF_STORMERS_2023-11-24,31,24,7,925,901,27,25,27,28
2023-11-24,EDINBURGH,BENETTON,3.0,13_2_38,3.0,31_42_67,1.0,54,1.0,35,2.0,3_40,3.0,32_43_67,urc,pool stage,EDINBURGH_BENETTON_2023-11-24,22,24,-2,892,880,30,27,25,26
2023-11-25,LIONS,ZEBRE,9.0,79_15_60_9_71_36_49_4_28,3.0,33_44_56,0.0,,0.0,,8.0,5_16_30_37_51_61_72_80,2.0,34_45,urc,pool stage,LIONS_ZEBRE_2023-11-25,61,19,42,951,898,25,27,25,24
2023-11-25,BULLS,CONNACHT,7.0,11_32_19_56_65_38_72,3.0,46_77_34,2.0,9_28,2.0,7_31,6.0,20_33_39_57_66_73,3.0,35_46_77,urc,pool stage,BULLS_CONNACHT_2023-11-25,53,27,26,933,902,27,26,27,26
2023-11-25,SHARKS,DRAGONS,10.0,47_60_20_78_42_11_75_63_55_72,2.0,27_55,1.0,7,0.0,,8.0,13_48_55_62_64_72_76_80,2.0,28_56,urc,pool stage,SHARKS_DRAGONS_2023-11-25,69,14,55,905,912,27,27,28,26
2023-11-25,LEINSTER,MUNSTER,3.0,35_24_65,1.0,5,0.0,,3.0,13_52_73,3.0,25_36_66,1.0,6,urc,pool stage,LEINSTER_MUNSTER_2023-11-25,21,16,5,910,910,27,26,28,26
2023-11-25,GLASGOW,ULSTER,5.0,41_20_50_58_70,2.0,5_10,0.0,,2.0,56_63,4.0,21_42_59_71,2.0,6_11,urc,pool stage,GLASGOW_ULSTER_2023-11-25,33,20,13,925,894,28,28,25,28
2023-11-26,OSPREYS,SCARLETS,4.0,50_7_18_74,0.0,,1.0,34,3.0,4_12_26,4.0,9_19_52_75,0.0,,urc,pool stage,OSPREYS_SCARLETS_2023-11-26,31,9,22,912,918,26,25,26,26
2023-12-01,MUNSTER,GLASGOW,6.0,15_7_12_36_64_48,5.0,41_26_54_78_61,0.0,,0.0,,5.0,7_16_37_49_65,1.0,78,urc,pool stage,MUNSTER_GLASGOW_2023-12-01,40,29,11,909,924,26,26,27,26
2023-12-02,ULSTER,EDINBURGH,4.0,5_28_80_73,3.0,59_24_69,0.0,,2.0,16_40,2.0,6_81,3.0,25_60_71,urc,pool stage,ULSTER_EDINBURGH_2023-12-02,24,27,-3,916,931,27,28,28,27
2023-12-02,BENETTON,OSPREYS,2.0,16_75,2.0,59_41,2.0,64_68,1.0,12,1.0,17,0.0,,urc,pool stage,BENETTON_OSPREYS_2023-12-02,18,13,5,881,889,26,26,25,24
2023-12-02,CONNACHT,LEINSTER,3.0,63_69_8,4.0,55_50_35_81,1.0,22,0.0,,2.0,65_70,2.0,35_51,urc,pool stage,CONNACHT_LEINSTER_2023-12-02,22,24,-2,909,920,26,27,26,27
2023-12-02,STORMERS,ZEBRE,5.0,13_67_74_36_44,1.0,41,0.0,,0.0,,3.0,14_45_75,1.0,42,urc,pool stage,STORMERS_ZEBRE_2023-12-02,31,7,24,897,913,28,28,26,24
2023-12-02,LIONS,DRAGONS,6.0,70_57_43_76_11_28,3.0,66_5_48,3.0,22_33_53,1.0,39,5.0,29_44_59_72_78,3.0,6_50_67,urc,pool stage,LIONS_DRAGONS_2023-12-02,49,24,25,951,913,25,27,28,26
2023-12-02,CARDIFF,SCARLETS,2.0,3_10,5.0,23_12_39_61_70,3.0,42_60_76,0.0,,2.0,4_11,2.0,13_40,urc,pool stage,CARDIFF_SCARLETS_2023-12-02,23,29,-6,906,923,25,26,26,26
2023-12-02,BULLS,SHARKS,6.0,39_71_62_32_13_22,1.0,45,2.0,10_66,1.0,2,4.0,14_22_63_72,0.0,,urc,pool stage,BULLS_SHARKS_2023-12-02,44,10,34,925,903,26,26,27,26
2023-12-22,ULSTER,CONNACHT,2.0,2_19,3.0,59_8_68,2.0,50_65,0.0,,2.0,3_20,2.0,10_69,urc,pool stage,ULSTER_CONNACHT_2023-12-22,20,19,1,905,890,29,27,27,27
2023-12-22,GLASGOW,EDINBURGH,3.0,73_17_66,1.0,33,1.0,5,1.0,46,2.0,67_74,1.0,33,urc,pool stage,GLASGOW_EDINBURGH_2023-12-22,22,10,12,933,926,28,27,30,27
2023-12-23,ZEBRE,BENETTON,3.0,2_80_60,4.0,12_37_25_43,1.0,9,1.0,76,3.0,4_61_81,4.0,13_26_38_44,urc,pool stage,ZEBRE_BENETTON_2023-12-23,24,31,-7,905,884,26,26,25,26
2023-12-23,STORMERS,BULLS,2.0,24_59,3.0,12_16_51,3.0,4_19_44,1.0,72,2.0,25_60,1.0,52,urc,pool stage,STORMERS_BULLS_2023-12-23,26,20,6,903,925,29,28,26,26
2023-12-26,CARDIFF,DRAGONS,9.0,2_10_47_22_30_17_35_14_76,3.0,7_51_58,0.0,,0.0,,5.0,3_11_15_23_37,2.0,7_52,urc,pool stage,CARDIFF_DRAGONS_2023-12-26,55,21,34,913,915,24,26,28,27
2023-12-26,SCARLETS,OSPREYS,1.0,41,3.0,48_81_74,2.0,68_79,1.0,59,0.0,,2.0,49_82,urc,pool stage,SCARLETS_OSPREYS_2023-12-26,11,25,-14,916,905,26,26,25,25
2023-12-26,MUNSTER,LEINSTER,0.0,,0.0,,1.0,51,3.0,1_15_80,0.0,,0.0,,urc,pool stage,MUNSTER_LEINSTER_2023-12-26,3,9,-6,903,923,26,26,27,26
2023-12-30,BENETTON,ZEBRE,6.0,3_44_58_12_38_62,2.0,55_22,0.0,,0.0,,3.0,4_13_59,2.0,23_56,urc,pool stage,BENETTON_ZEBRE_2023-12-30,36,14,22,899,904,25,26,27,24
2023-12-30,EDINBURGH,GLASGOW,2.0,71_26,2.0,3_59,3.0,52_64_76,0.0,,0.0,,2.0,4_60,urc,pool stage,EDINBURGH_GLASGOW_2023-12-30,19,14,5,932,920,30,27,28,27
2023-12-30,STORMERS,SHARKS,1.0,15,2.0,57_36,3.0,32_45_60,1.0,52,1.0,17,1.0,58,urc,pool stage,STORMERS_SHARKS_2023-12-30,16,15,1,901,901,29,28,26,27
2024-01-01,OSPREYS,CARDIFF,4.0,57_7_76_48,2.0,19_15,1.0,63,3.0,27_33_52,1.0,59,1.0,20,urc,pool stage,OSPREYS_CARDIFF_2024-01-01,27,21,6,909,921,26,25,27,26
2024-01-01,CONNACHT,MUNSTER,1.0,76,0.0,,5.0,16_45_59_66_71,3.0,22_31_57,1.0,78,0.0,,urc,pool stage,CONNACHT_MUNSTER_2024-01-01,22,9,13,910,907,28,27,27,26
2024-01-01,DRAGONS,SCARLETS,1.0,35,2.0,20_68,2.0,4_48,0.0,,1.0,36,1.0,21,urc,pool stage,DRAGONS_SCARLETS_2024-01-01,13,12,1,904,920,29,25,26,27
2024-01-01,LEINSTER,ULSTER,3.0,11_61_23,3.0,4_34_7,0.0,,1.0,55,3.0,12_24_63,2.0,5_36,urc,pool stage,LEINSTER_ULSTER_2024-01-01,21,22,-1,915,915,26,27,29,28
2024-01-06,SHARKS,LIONS,2.0,32_21,2.0,76_52,1.0,12,2.0,8_59,1.0,22,1.0,78,urc,pool stage,SHARKS_LIONS_2024-01-06,18,20,-2,923,953,27,27,25,25
2024-01-27,BULLS,LIONS,3.0,24_58_42,3.0,4_17_62,3.0,12_37_78,2.0,48_73,3.0,25_42_58,2.0,18_63,urc,pool stage,BULLS_LIONS_2024-01-27,30,28,2,912,944,26,27,27,25
2024-02-16,SCARLETS,MUNSTER,1.0,49,6.0,65_10_23_72_62_76,0.0,,0.0,,1.0,50,6.0,11_24_62_66_73_77,urc,pool stage,SCARLETS_MUNSTER_2024-02-16,7,42,-35,911,934,26,25,26,27
2024-02-16,ZEBRE,EDINBURGH,1.0,2,3.0,45_72_68,4.0,26_42_58_80,1.0,32,1.0,3,2.0,46_74,urc,pool stage,ZEBRE_EDINBURGH_2024-02-16,19,24,-5,925,927,26,24,30,26
2024-02-17,LIONS,BULLS,1.0,70,4.0,73_19_51_66,1.0,1,1.0,60,1.0,71,1.0,68,urc,pool stage,LIONS_BULLS_2024-02-17,10,25,-15,958,903,27,25,25,27
2024-02-17,SHARKS,STORMERS,3.0,30_57_75,3.0,16_22_48,0.0,,2.0,32_70,3.0,30_58_76,2.0,23_49,urc,pool stage,SHARKS_STORMERS_2024-02-17,21,25,-4,935,903,26,28,28,26
2024-02-17,LEINSTER,BENETTON,7.0,42_9_77_13_33_70_64,2.0,1_35,0.0,,2.0,25_39,6.0,9_14_34_44_70_78,1.0,2,urc,pool stage,LEINSTER_BENETTON_2024-02-17,47,18,29,902,912,25,25,28,25
2024-02-17,CARDIFF,CONNACHT,2.0,46_17,1.0,61,0.0,,3.0,4_42_66,1.0,18,1.0,62,urc,pool stage,CARDIFF_CONNACHT_2024-02-17,12,16,-4,945,893,27,26,27,27
2024-02-17,GLASGOW,DRAGONS,6.0,44_3_75_70_0_36,1.0,64,0.0,,0.0,,5.0,1_3_38_44_76,1.0,65,urc,pool stage,GLASGOW_DRAGONS_2024-02-17,40,7,33,917,919,26,25,29,24
2024-02-18,OSPREYS,ULSTER,1.0,64,2.0,33_57,3.0,29_36_55,1.0,75,1.0,66,2.0,34_59,urc,pool stage,OSPREYS_ULSTER_2024-02-18,19,17,2,882,903,28,24,28,26
2024-03-01,EDINBURGH,OSPREYS,1.0,16,2.0,46_67,4.0,22_24_34_73,1.0,11,1.0,18,1.0,68,urc,pool stage,EDINBURGH_OSPREYS_2024-03-01,19,15,4,920,880,31,26,29,25
2024-03-01,MUNSTER,ZEBRE,7.0,25_5_58_79_39_33_10,4.0,18_68_74_61,0.0,,1.0,21,5.0,11_27_34_40_59,3.0,19_68_75,urc,pool stage,MUNSTER_ZEBRE_2024-03-01,45,29,16,916,905,26,26,26,25
2024-03-02,LIONS,SHARKS,6.0,11_5_20_63_74_68,1.0,26,0.0,,1.0,2,5.0,7_12_64_69_75,1.0,26,urc,pool stage,LIONS_SHARKS_2024-03-02,40,10,30,939,921,26,26,27,26
2024-03-02,ULSTER,DRAGONS,7.0,29_58_76_73_17_32_4,4.0,11_52_68_79,0.0,,0.0,,7.0,5_19_30_34_60_74_77,2.0,12_68,urc,pool stage,ULSTER_DRAGONS_2024-03-02,49,26,23,911,889,25,27,27,24
2024-03-02,BENETTON,GLASGOW,0.0,,3.0,8_73_35,3.0,43_54_72,0.0,,0.0,,2.0,36_74,urc,pool stage,BENETTON_GLASGOW_2024-03-02,9,19,-10,909,912,27,27,25,26
2024-03-02,BULLS,STORMERS,4.0,1_49_75_55,3.0,32_15_61,4.0,10_13_19_23,1.0,41,4.0,2_50_57_77,2.0,33_62,urc,pool stage,BULLS_STORMERS_2024-03-02,40,22,18,950,901,27,27,29,27
2024-03-02,CONNACHT,SCARLETS,4.0,9_22_57_5,1.0,26,0.0,,1.0,46,3.0,6_23_57,1.0,27,urc,pool stage,CONNACHT_SCARLETS_2024-03-02,26,10,16,906,908,25,27,28,25
2024-03-02,CARDIFF,LEINSTER,3.0,34_39_74,5.0,8_3_68_48_59,1.0,11,0.0,,1.0,35,4.0,4_48_61_68,urc,pool stage,CARDIFF_LEINSTER_2024-03-02,20,33,-13,933,902,29,26,25,25
2024-03-22,OSPREYS,MUNSTER,3.0,53_33_73,4.0,57_3_5_16,0.0,,1.0,63,1.0,54,2.0,4_18,urc,pool stage,OSPREYS_MUNSTER_2024-03-22,17,27,-10,893,908,29,25,27,26
2024-03-22,GLASGOW,CARDIFF,2.0,51_42,1.0,31,1.0,67,2.0,3_26,2.0,44_52,1.0,32,urc,pool stage,GLASGOW_CARDIFF_2024-03-22,17,13,4,924,935,25,27,25,26
2024-03-23,DRAGONS,BULLS,1.0,78,4.0,44_27_81_75,1.0,20,1.0,16,1.0,79,4.0,29_45_76_82,urc,pool stage,DRAGONS_BULLS_2024-03-23,10,31,-21,909,966,28,25,26,27
2024-03-23,ZEBRE,LEINSTER,1.0,24,5.0,49_44_29_3_76,0.0,,0.0,,1.0,25,3.0,4_30_50,urc,pool stage,ZEBRE_LEINSTER_2024-03-23,7,31,-24,926,896,27,25,26,24
2024-03-23,CONNACHT,LIONS,2.0,16_55,6.0,25_6_69_48_62_78,0.0,,0.0,,2.0,16_55,4.0,7_49_63_79,urc,pool stage,CONNACHT_LIONS_2024-03-23,14,38,-24,879,935,27,26,27,25
2024-03-23,STORMERS,EDINBURGH,7.0,58_69_34_40_9_17_48,3.0,37_13_65,0.0,,0.0,,4.0,10_19_71_41,3.0,14_38_66,urc,pool stage,STORMERS_EDINBURGH_2024-03-23,43,21,22,933,919,28,27,30,26
2024-03-23,SHARKS,ULSTER,3.0,64_26_45,2.0,56_18,1.0,53,0.0,,2.0,28_46,1.0,19,urc,pool stage,SHARKS_ULSTER_2024-03-23,22,12,10,938,918,27,27,27,27
2024-03-23,SCARLETS,BENETTON,1.0,83,1.0,11,3.0,2_51_55,2.0,4_19,1.0,86,1.0,13,urc,pool stage,SCARLETS_BENETTON_2024-03-23,16,13,3,895,910,27,26,28,25
2024-03-29,DRAGONS,ZEBRE,3.0,42_23_17,1.0,74,1.0,40,2.0,32_38,1.0,43,1.0,74,urc,pool stage,DRAGONS_ZEBRE_2024-03-29,20,13,7,906,900,27,27,26,26
2024-03-29,LEINSTER,BULLS,7.0,28_18_67_44_63_46_74,1.0,34,0.0,,3.0,8_14_39,6.0,19_45_48_65_69_75,0.0,,urc,pool stage,LEINSTER_BULLS_2024-03-29,47,14,33,919,955,29,27,28,27
2024-03-30,MUNSTER,CARDIFF,2.0,48_63,2.0,54_59,2.0,37_74,1.0,78,2.0,49_64,1.0,55,urc,pool stage,MUNSTER_CARDIFF_2024-03-30,20,15,5,906,903,30,27,25,25
2024-03-30,BENETTON,CONNACHT,2.0,79_6,2.0,32_73,2.0,15_67,0.0,,1.0,7,2.0,33_74,urc,pool stage,BENETTON_CONNACHT_2024-03-30,18,14,4,893,902,26,26,27,26
2024-03-30,SHARKS,EDINBURGH,3.0,76_48_20,1.0,80,2.0,60_67,2.0,37_56,1.0,22,1.0,81,urc,pool stage,SHARKS_EDINBURGH_2024-03-30,23,13,10,921,919,27,27,29,26
2024-03-30,OSPREYS,LIONS,5.0,16_4_49_57_79,3.0,37_74_66,1.0,41,0.0,,4.0,17_50_58_80,3.0,38_66_74,urc,pool stage,OSPREYS_LIONS_2024-03-30,36,21,15,910,897,29,25,27,26
2024-03-30,STORMERS,ULSTER,1.0,73,1.0,7,2.0,54_81,0.0,,1.0,74,1.0,8,urc,pool stage,STORMERS_ULSTER_2024-03-30,13,7,6,917,918,29,26,28,26
2024-03-30,SCARLETS,GLASGOW,0.0,,7.0,25_40_6_68_81_62_52,1.0,16,0.0,,0.0,,4.0,7_26_41_63,urc,pool stage,SCARLETS_GLASGOW_2024-03-30,3,45,-42,901,925,28,26,26,27
2024-04-19,GLASGOW,SHARKS,3.0,29_11_42,2.0,52_36,0.0,,0.0,,3.0,11_30_44,0.0,,urc,pool stage,GLASGOW_SHARKS_2024-04-19,21,10,11,923,915,27,26,25,27
2024-04-19,ULSTER,CARDIFF,1.0,58,2.0,11_42,4.0,27_35_65_79,1.0,70,1.0,59,2.0,12_43,urc,pool stage,ULSTER_CARDIFF_2024-04-19,19,17,2,907,898,26,27,27,25
2024-04-20,CONNACHT,ZEBRE,8.0,35_52_15_23_73_68_46_76,2.0,20_64,0.0,,1.0,30,6.0,16_24_36_47_69_74,0.0,,urc,pool stage,CONNACHT_ZEBRE_2024-04-20,54,16,38,893,917,27,27,26,24
2024-04-20,EDINBURGH,SCARLETS,6.0,75_43_71_60_17_66,2.0,27_4,1.0,53,2.0,21_56,5.0,18_44_61_67_72,1.0,5,urc,pool stage,EDINBURGH_SCARLETS_2024-04-20,43,18,25,939,920,29,28,27,25
2024-04-20,STORMERS,OSPREYS,3.0,43_13_83,4.0,25_63_8_39,0.0,,1.0,79,2.0,14_45,2.0,41_64,urc,pool stage,STORMERS_OSPREYS_2024-04-20,21,27,-6,925,897,28,27,27,25
2024-04-20,BULLS,MUNSTER,3.0,49_25_44,4.0,36_73_18_57,1.0,29,1.0,41,2.0,26_50,2.0,20_37,urc,pool stage,BULLS_MUNSTER_2024-04-20,22,27,-5,945,920,24,27,31,27
2024-04-20,LIONS,LEINSTER,6.0,56_75_80_0_10_13,2.0,52_62,2.0,6_48,0.0,,4.0,1_14_77_81,1.0,53,urc,pool stage,LIONS_LEINSTER_2024-04-20,44,12,32,865,910,27,26,27,25
2024-04-20,BENETTON,DRAGONS,6.0,30_74_35_44_7_70,3.0,52_42_77,0.0,,0.0,,3.0,7_36_75,2.0,77_42,urc,pool stage,BENETTON_DRAGONS_2024-04-20,36,19,17,887,903,26,27,27,26
2024-04-26,ULSTER,BENETTON,5.0,15_32_39_49_66,5.0,80_5_46_62_56,1.0,73,1.0,24,5.0,16_33_40_51_67,3.0,57_64_81,urc,pool stage,ULSTER_BENETTON_2024-04-26,38,34,4,897,886,25,29,26,25
2024-04-26,SCARLETS,SHARKS,3.0,51_18_76,4.0,37_4_55_73,2.0,2_10,2.0,13_45,3.0,19_52_76,3.0,6_39_57,urc,pool stage,SCARLETS_SHARKS_2024-04-26,27,32,-5,913,915,27,25,27,27
2024-04-27,ZEBRE,GLASGOW,0.0,,6.0,31_41_74_50_66_77,3.0,6_25_43,0.0,,0.0,,5.0,32_42_51_76_79,urc,pool stage,ZEBRE_GLASGOW_2024-04-27,9,40,-31,909,922,25,25,27,26
2024-04-27,BULLS,OSPREYS,9.0,7_44_29_54_21_38_41_76_60,3.0,26_67_48,0.0,,1.0,34,7.0,8_22_39_43_46_55_77,3.0,27_49_68,urc,pool stage,BULLS_OSPREYS_2024-04-27,61,24,37,929,906,26,28,27,26
2024-04-27,CARDIFF,EDINBURGH,1.0,43,3.0,26_61_75,0.0,,1.0,71,1.0,44,3.0,27_62_76,urc,pool stage,CARDIFF_EDINBURGH_2024-04-27,7,24,-17,910,910,25,26,30,28
2024-04-27,LIONS,MUNSTER,1.0,61,4.0,33_47_78_42,2.0,27_37,3.0,4_8_19,1.0,62,1.0,35,urc,pool stage,LIONS_MUNSTER_2024-04-27,13,33,-20,867,920,28,25,31,27
2024-04-27,STORMERS,LEINSTER,5.0,43_41_3_78_69,2.0,50_52,3.0,18_30_38,0.0,,4.0,5_42_45_70,1.0,51,urc,pool stage,STORMERS_LEINSTER_2024-04-27,42,12,30,917,927,28,27,27,23
2024-04-27,DRAGONS,CONNACHT,3.0,42_5_53,5.0,44_19_2_25_70,2.0,49_62,1.0,58,3.0,6_43_55,3.0,3_20_71,urc,pool stage,DRAGONS_CONNACHT_2024-04-27,27,34,-7,916,902,27,25,29,28
2024-05-10,EDINBURGH,ZEBRE,6.0,16_30_37_81_76_65,2.0,56_23,0.0,,0.0,,5.0,32_37_65_77_82,2.0,23_57,urc,pool stage,EDINBURGH_ZEBRE_2024-05-10,40,14,26,923,922,31,28,25,25
2024-05-10,DRAGONS,STORMERS,2.0,13_59,5.0,72_34_65_75_79,3.0,7_26_49,3.0,31_46_57,1.0,60,5.0,35_67_74_76_81,urc,pool stage,DRAGONS_STORMERS_2024-05-10,21,44,-23,918,937,28,26,28,27
2024-05-11,LEINSTER,OSPREYS,9.0,10_40_2_69_26_53_76_73_79,2.0,14_18,0.0,,0.0,,8.0,3_11_27_42_55_69_74_79,1.0,14,urc,pool stage,LEINSTER_OSPREYS_2024-05-11,61,14,47,919,892,28,27,26,27
2024-05-11,MUNSTER,CONNACHT,7.0,19_79_45_26_72_62_69,2.0,38_64,0.0,,0.0,,6.0,19_29_46_63_70_80,1.0,39,urc,pool stage,MUNSTER_CONNACHT_2024-05-11,47,12,35,920,895,31,27,29,27
2024-05-11,LIONS,CARDIFF,4.0,7_17_73_78,1.0,47,2.0,30_42,2.0,22_59,4.0,8_18_74_79,1.0,48,urc,pool stage,LIONS_CARDIFF_2024-05-11,34,13,21,920,934,27,26,25,25
2024-05-11,SCARLETS,ULSTER,2.0,60_66,4.0,53_47_64_42,2.0,10_26,1.0,28,2.0,61_67,4.0,42_49_55_65,urc,pool stage,SCARLETS_ULSTER_2024-05-11,20,31,-11,915,912,24,26,27,27
2024-05-11,SHARKS,BENETTON,4.0,23_47_56_13,3.0,44_35_77,0.0,,2.0,3_71,2.0,15_49,2.0,45_78,urc,pool stage,SHARKS_BENETTON_2024-05-11,24,25,-1,934,917,29,27,27,26
2024-05-11,BULLS,GLASGOW,4.0,14_37_23_45,4.0,6_68_63_71,4.0,33_57_61_77,2.0,29_80,4.0,16_24_38_46,4.0,7_64_68_71,urc,pool stage,BULLS_GLASGOW_2024-05-11,40,34,6,941,898,27,27,26,27
2024-05-17,ZEBRE,SCARLETS,2.0,51_3,4.0,14_19_30_42,2.0,23_27,2.0,67_71,1.0,4,3.0,21_31_43,urc,pool stage,ZEBRE_SCARLETS_2024-05-17,18,32,-14,906,919,25,26,25,25
2024-05-17,EDINBURGH,MUNSTER,2.0,24_65,4.0,53_42_17_35,4.0,6_12_22_49,1.0,69,2.0,25_66,3.0,36_43_54,urc,pool stage,EDINBURGH_MUNSTER_2024-05-17,26,29,-3,923,909,31,28,28,27
2024-05-18,CONNACHT,STORMERS,2.0,30_59,1.0,50,0.0,,3.0,22_67_72,1.0,31,1.0,51,urc,pool stage,CONNACHT_STORMERS_2024-05-18,12,16,-4,922,939,27,28,29,26
2024-05-18,ULSTER,LEINSTER,2.0,13_57,3.0,52_28_22,3.0,32_43_78,0.0,,2.0,14_58,3.0,23_29_53,urc,pool stage,ULSTER_LEINSTER_2024-05-18,23,21,2,916,915,28,27,29,26
2024-05-18,BULLS,BENETTON,9.0,48_24_19_16_53_2_35_56_79,5.0,39_45_30_63_75,1.0,72,0.0,,4.0,3_17_25_54,5.0,31_40_46_65_76,urc,pool stage,BULLS_BENETTON_2024-05-18,56,35,21,941,903,27,27,27,26
2024-05-18,OSPREYS,DRAGONS,4.0,36_42_41_58,1.0,53,0.0,,2.0,4_17,3.0,37_42_59,1.0,53,urc,pool stage,OSPREYS_DRAGONS_2024-05-18,26,13,13,899,914,28,26,27,25
2024-05-18,LIONS,GLASGOW,6.0,57_51_33_53_78_61,3.0,46_12_68,2.0,26_74,0.0,,4.0,52_55_58_63,3.0,13_47_68,urc,pool stage,LIONS_GLASGOW_2024-05-18,44,21,23,903,887,26,27,26,27
2024-05-18,SHARKS,CARDIFF,2.0,24_77,5.0,20_33_14_28_72,0.0,,1.0,44,2.0,25_77,4.0,16_21_29_73,urc,pool stage,SHARKS_CARDIFF_2024-05-18,14,36,-22,904,904,27,25,26,26
2024-05-31,GLASGOW,ZEBRE,6.0,3_31_65_58_47_79,2.0,48_40,0.0,,4.0,12_23_61_38,4.0,4_59_65_80,2.0,41_50,urc,pool stage,GLASGOW_ZEBRE_2024-05-31,38,26,12,931,906,28,27,25,26
2024-05-31,LEINSTER,CONNACHT,5.0,8_22_16_73_62,1.0,64,0.0,,0.0,,4.0,8_17_22_74,1.0,64,urc,pool stage,LEINSTER_CONNACHT_2024-05-31,33,7,26,904,912,28,26,28,26
2024-06-01,SHARKS,BULLS,2.0,15_67,4.0,29_21_55_76,0.0,,0.0,,2.0,16_68,3.0,30_56_78,urc,pool stage,SHARKS_BULLS_2024-06-01,14,26,-12,916,938,28,26,26,27
2024-06-01,MUNSTER,ULSTER,4.0,7_58_51_69,3.0,16_43_54,1.0,77,1.0,22,3.0,9_53_59,3.0,18_44_55,urc,pool stage,MUNSTER_ULSTER_2024-06-01,29,24,5,920,916,31,28,28,27
2024-06-01,SCARLETS,DRAGONS,4.0,28_37_43_53,2.0,57_68,2.0,14_72,1.0,8,3.0,29_44_39,1.0,69,urc,pool stage,SCARLETS_DRAGONS_2024-06-01,32,15,17,928,907,26,26,26,27
2024-06-01,CARDIFF,OSPREYS,4.0,39_80_8_68,5.0,6_48_29_63_76,1.0,53,0.0,,3.0,8_69_81,3.0,7_48_64,urc,pool stage,CARDIFF_OSPREYS_2024-06-01,29,33,-4,926,899,25,26,28,26
2024-06-01,STORMERS,LIONS,4.0,6_53_23_76,2.0,31_18,1.0,42,4.0,2_10_39_73,3.0,8_54_77,1.0,32,urc,pool stage,STORMERS_LIONS_2024-06-01,29,24,5,908,903,27,28,26,27
2024-06-01,BENETTON,EDINBURGH,5.0,62_66_58_34_6,0.0,,0.0,,2.0,24_27,3.0,35_60_63,0.0,,urc,pool stage,BENETTON_EDINBURGH_2024-06-01,31,6,25,898,929,27,26,30,28
2024-06-07,MUNSTER,OSPREYS,2.0,17_1,1.0,4,3.0,27_58_61,0.0,,2.0,2_18,1.0,5,urc,Quarter-finals,MUNSTER_OSPREYS_2024-06-07,23,7,16,920,899,30,28,28,26
2024-06-08,BULLS,BENETTON,3.0,0_20_61,3.0,57_31_66,3.0,35_50_74,2.0,10_41,3.0,1_21_62,1.0,59,urc,Quarter-finals,BULLS_BENETTON_2024-06-08,30,23,7,932,886,27,28,27,27
2024-06-08,LEINSTER,ULSTER,6.0,67_33_45_20_62_75,3.0,49_80_64,1.0,30,1.0,42,5.0,21_34_63_68_76,1.0,65,urc,Quarter-finals,LEINSTER_ULSTER_2024-06-08,43,20,23,912,910,27,28,27,27
2024-06-08,GLASGOW,STORMERS,3.0,59_74_80,2.0,57_64,2.0,19_29,0.0,,3.0,61_75_80,0.0,,urc,Quarter-finals,GLASGOW_STORMERS_2024-06-08,27,10,17,928,940,29,27,29,26
2024-06-15,BULLS,LEINSTER,3.0,29_41_66,2.0,50_23,2.0,41_61,2.0,58_64,2.0,31_42,2.0,24_50,urc,Semi-finals,BULLS_LEINSTER_2024-06-15,25,20,5,938,912,26,28,27,29
2024-06-15,MUNSTER,GLASGOW,1.0,55,2.0,23_50,1.0,11,1.0,74,1.0,56,2.0,24_51,urc,Semi-finals,MUNSTER_GLASGOW_2024-06-15,10,17,-7,901,928,30,28,29,27
2024-06-22,BULLS,GLASGOW,1.0,24,3.0,40_62_53,3.0,1_14_51,0.0,,1.0,25,3.0,42_54_64,urc,Final,BULLS_GLASGOW_2024-06-22,16,21,-5,938,928,26,28,29,28
2024-09-20,CARDIFF,ZEBRE,4.0,56_23_18_9,2.0,81_64,0.0,,1.0,8,1.0,10,2.0,65_82,urc,pool stage,CARDIFF_ZEBRE_2024-09-20,22,17,5,905,914,27,27,25,25
2024-09-20,EDINBURGH,LEINSTER,5.0,11_42_32_66_80,5.0,56_53_46_26_15,0.0,,0.0,,3.0,11_43_81,4.0,27_47_54_58,urc,pool stage,EDINBURGH_LEINSTER_2024-09-20,31,33,-2,915,898,29,27,25,27
2024-09-21,DRAGONS,OSPREYS,2.0,26_83,2.0,45_19,3.0,1_23_78,3.0,7_33_37,2.0,27_85,1.0,20,urc,pool stage,DRAGONS_OSPREYS_2024-09-21,23,21,2,918,898,26,27,29,23
2024-09-21,MUNSTER,CONNACHT,5.0,44_58_69_28_31,5.0,20_39_13_63_53,0.0,,0.0,,5.0,28_32_45_59_70,4.0,21_54_64_40,urc,pool stage,MUNSTER_CONNACHT_2024-09-21,35,33,2,904,899,27,27,28,26
2024-09-21,BENETTON,SCARLETS,3.0,21_78_31,2.0,53_40,1.0,48,2.0,60_67,1.0,32,2.0,41_53,urc,pool stage,BENETTON_SCARLETS_2024-09-21,20,20,0,914,910,28,26,26,22
2024-09-21,ULSTER,GLASGOW,3.0,72_18_84,3.0,5_25_74,1.0,16,0.0,,1.0,19,2.0,26_75,urc,pool stage,ULSTER_GLASGOW_2024-09-21,20,19,1,895,923,27,25,29,25
2024-09-27,LEINSTER,DRAGONS,6.0,46_17_37_67_64_81,0.0,,0.0,,2.0,25_40,2.0,47_65,0.0,,urc,pool stage,LEINSTER_DRAGONS_2024-09-27,34,6,28,902,920,28,26,25,26
2024-09-27,GLASGOW,BENETTON,6.0,81_46_16_50_5_63,1.0,32,0.0,,1.0,43,6.0,6_17_47_51_64_83,1.0,33,urc,pool stage,GLASGOW_BENETTON_2024-09-27,42,10,32,931,903,26,28,26,26
2024-09-28,LIONS,ULSTER,5.0,34_79_9_46_49,4.0,43_42_59_77,2.0,14_57,0.0,,2.0,35_51,1.0,78,urc,pool stage,LIONS_ULSTER_2024-09-28,35,22,13,920,899,25,26,30,27
2024-09-28,BULLS,EDINBURGH,3.0,29_32_63,1.0,38,1.0,67,3.0,14_47_74,2.0,29_64,1.0,40,urc,pool stage,BULLS_EDINBURGH_2024-09-28,22,16,6,917,921,27,26,30,28
2024-09-28,ZEBRE,MUNSTER,6.0,51_26_59_22_41_62,5.0,19_30_33_40_76,2.0,11_80,0.0,,3.0,27_52_60,4.0,20_31_34_41,urc,pool stage,ZEBRE_MUNSTER_2024-09-28,42,33,9,917,898,25,26,26,26
2024-09-28,SCARLETS,CARDIFF,2.0,10_0,4.0,17_62_21_56,1.0,4,0.0,,1.0,1,2.0,21_63,urc,pool stage,SCARLETS_CARDIFF_2024-09-28,15,24,-9,898,921,27,24,28,26
2024-09-28,CONNACHT,SHARKS,5.0,3_50_54_42_70,3.0,37_20_28,1.0,79,3.0,81_24_34,4.0,4_43_55_71,3.0,22_29_39,urc,pool stage,CONNACHT_SHARKS_2024-09-28,36,30,6,889,909,29,26,28,27
2024-09-28,OSPREYS,STORMERS,4.0,25_48_64_80,2.0,70_5,2.0,8_38,3.0,11_22_41,3.0,26_49_65,1.0,6,urc,pool stage,OSPREYS_STORMERS_2024-09-28,37,24,13,898,933,29,25,28,28
2024-10-04,SCARLETS,CONNACHT,2.0,21_29,3.0,38_9_15,3.0,42_73_51,1.0,77,2.0,22_30,3.0,10_16_38,urc,pool stage,SCARLETS_CONNACHT_2024-10-04,23,24,-1,901,889,28,25,29,27
2024-10-04,CARDIFF,GLASGOW,5.0,67_11_19_46_52,8.0,63_5_29_74_34_37_21_70,1.0,59,0.0,,4.0,12_47_53_69,6.0,6_30_35_39_64_72,urc,pool stage,CARDIFF_GLASGOW_2024-10-04,36,52,-16,921,911,28,26,28,26
2024-10-05,ZEBRE,STORMERS,1.0,74,4.0,40_72_59_78,0.0,,4.0,2_23_27_43,0.0,,2.0,41_80,urc,pool stage,ZEBRE_STORMERS_2024-10-05,5,36,-31,913,917,25,26,27,28
2024-10-05,MUNSTER,OSPREYS,4.0,63_0_26_39,0.0,,1.0,9,0.0,,0.0,,0.0,,urc,pool stage,MUNSTER_OSPREYS_2024-10-05,23,0,23,918,923,30,26,26,23
2024-10-05,DRAGONS,SHARKS,4.0,26_54_17_37,5.0,21_39_48_44_84,2.0,3_58,0.0,,2.0,17_38,4.0,40_45_49_87,urc,pool stage,DRAGONS_SHARKS_2024-10-05,30,33,-3,920,909,28,25,28,27
2024-10-05,LIONS,EDINBURGH,8.0,35_20_39_26_12_31_71_5,3.0,44_50_66,1.0,2,0.0,,6.0,32_13_21_27_40_72,3.0,44_51_67,urc,pool stage,LIONS_EDINBURGH_2024-10-05,55,21,34,907,927,27,26,29,27
2024-10-05,BULLS,ULSTER,7.0,33_77_55_60_5_13_41,3.0,8_68_71,0.0,,0.0,,6.0,6_14_34_42_61_78,3.0,9_69_72,urc,pool stage,BULLS_ULSTER_2024-10-05,47,21,26,943,876,27,27,26,26
2024-10-05,BENETTON,LEINSTER,1.0,65,5.0,18_25_11_78_9,0.0,,0.0,,0.0,,4.0,11_20_26_79,urc,pool stage,BENETTON_LEINSTER_2024-10-05,5,35,-30,897,924,26,25,28,26
2024-10-11,GLASGOW,ZEBRE,5.0,13_33_52_17_60,0.0,,0.0,,1.0,27,4.0,14_18_34_52,0.0,,urc,pool stage,GLASGOW_ZEBRE_2024-10-11,33,3,30,908,902,27,26,25,25
2024-10-12,BENETTON,SHARKS,5.0,23_37_29_67_75,1.0,80,1.0,10,1.0,17,5.0,24_31_38_69_76,1.0,80,urc,pool stage,BENETTON_SHARKS_2024-10-12,38,10,28,891,911,25,25,29,26
2024-10-12,CARDIFF,SCARLETS,3.0,22_43_62,3.0,32_46_59,0.0,,2.0,8_16,1.0,23,2.0,47_60,urc,pool stage,CARDIFF_SCARLETS_2024-10-12,19,25,-6,904,915,27,26,28,25
2024-10-12,EDINBURGH,STORMERS,5.0,18_62_21_79_58,1.0,31,1.0,74,0.0,,5.0,20_22_59_63_80,1.0,32,urc,pool stage,EDINBURGH_STORMERS_2024-10-12,38,7,31,924,941,28,27,29,28
2024-10-12,LEINSTER,MUNSTER,4.0,40_10_5_14,2.0,34_65,0.0,,0.0,,3.0,6_11_15,1.0,66,urc,pool stage,LEINSTER_MUNSTER_2024-10-12,26,12,14,921,914,29,28,30,26
2024-10-12,OSPREYS,BULLS,3.0,26_79_54,4.0,2_12_10_22,0.0,,1.0,76,2.0,55_79,3.0,3_13_23,urc,pool stage,OSPREYS_BULLS_2024-10-12,19,29,-10,898,950,29,25,27,27
2024-10-12,ULSTER,CONNACHT,5.0,2_50_75_27_20,4.0,30_40_10_60,1.0,71,1.0,79,2.0,3_28,2.0,42_62,urc,pool stage,ULSTER_CONNACHT_2024-10-12,32,27,5,897,897,29,26,29,27
2024-10-13,DRAGONS,LIONS,3.0,14_24_42,2.0,51_10,0.0,,3.0,28_41_49,2.0,15_43,2.0,11_52,urc,pool stage,DRAGONS_LIONS_2024-10-13,19,23,-4,911,907,26,25,27,25
2024-10-18,SCARLETS,BULLS,3.0,11_41_71,3.0,15_29_1,2.0,40_52,1.0,49,1.0,12,2.0,2_30,urc,pool stage,SCARLETS_BULLS_2024-10-18,23,22,1,926,935,28,26,26,26
2024-10-18,ULSTER,OSPREYS,6.0,4_50_31_9_64_23,2.0,39_60,0.0,,0.0,,2.0,33_65,1.0,40,urc,pool stage,ULSTER_OSPREYS_2024-10-18,36,12,24,902,862,26,26,27,22
2024-10-19,DRAGONS,BENETTON,3.0,72_49_26,4.0,36_45_67_60,0.0,,1.0,32,3.0,28_50_73,4.0,37_47_61_68,urc,pool stage,DRAGONS_BENETTON_2024-10-19,21,31,-10,902,889,25,27,25,26
2024-10-19,SHARKS,GLASGOW,3.0,26_32_70,4.0,79_17_36_80,3.0,11_45_66,0.0,,2.0,27_71,2.0,19_82,urc,pool stage,SHARKS_GLASGOW_2024-10-19,28,24,4,917,927,29,28,26,28
2024-10-19,CONNACHT,LEINSTER,2.0,33_64,5.0,38_45_65_5_15,0.0,,0.0,,1.0,64,4.0,6_16_40_66,urc,pool stage,CONNACHT_LEINSTER_2024-10-19,12,33,-21,902,918,29,26,27,25
2024-10-19,EDINBURGH,CARDIFF,4.0,45_65_78_61,1.0,28,1.0,6,1.0,57,2.0,46_79,0.0,,urc,pool stage,EDINBURGH_CARDIFF_2024-10-19,27,8,19,939,889,27,28,28,25
2024-10-19,ZEBRE,LIONS,0.0,,1.0,27,3.0,14_21_46,1.0,42,0.0,,1.0,28,urc,pool stage,ZEBRE_LIONS_2024-10-19,9,10,-1,900,881,26,25,28,25
2024-10-19,STORMERS,MUNSTER,4.0,33_46_82_5,3.0,17_26_67,1.0,74,0.0,,4.0,6_34_47_83,2.0,19_68,urc,pool stage,STORMERS_MUNSTER_2024-10-19,34,19,15,919,921,28,28,30,27
2024-10-25,SCARLETS,ZEBRE,,,,,,,,,,,,,urc,pool stage,SCARLETS_ZEBRE_2024-10-25,-1,-1,0,-1,-1,-1,-1,-1,-1
2024-10-25,BENETTON,BULLS,,,,,,,,,,,,,urc,pool stage,BENETTON_BULLS_2024-10-25,-1,-1,0,-1,-1,-1,-1,-1,-1
2024-10-26,STORMERS,GLASGOW,,,,,,,,,,,,,urc,pool stage,STORMERS_GLASGOW_2024-10-26,-1,-1,0,-1,-1,-1,-1,-1,-1
2024-10-26,OSPREYS,EDINBURGH,,,,,,,,,,,,,urc,pool stage,OSPREYS_EDINBURGH_2024-10-26,-1,-1,0,-1,-1,-1,-1,-1,-1
2024-10-26,SHARKS,MUNSTER,,,,,,,,,,,,,urc,pool stage,SHARKS_MUNSTER_2024-10-26,-1,-1,0,-1,-1,-1,-1,-1,-1
2024-10-26,LEINSTER,LIONS,,,,,,,,,,,,,urc,pool stage,LEINSTER_LIONS_2024-10-26,-1,-1,0,-1,-1,-1,-1,-1,-1
2024-10-26,CONNACHT,DRAGONS,,,,,,,,,,,,,urc,pool stage,CONNACHT_DRAGONS_2024-10-26,-1,-1,0,-1,-1,-1,-1,-1,-1
2024-10-26,CARDIFF,ULSTER,,,,,,,,,,,,,urc,pool stage,CARDIFF_ULSTER_2024-10-26,-1,-1,0,-1,-1,-1,-1,-1,-1
2024-11-29,GLASGOW,SCARLETS,,,,,,,,,,,,,urc,pool stage,GLASGOW_SCARLETS_2024-11-29,-1,-1,0,-1,-1,-1,-1,-1,-1
2024-11-29,ULSTER,LEINSTER,,,,,,,,,,,,,urc,pool stage,ULSTER_LEINSTER_2024-11-29,-1,-1,0,-1,-1,-1,-1,-1,-1
2024-11-30,CONNACHT,BULLS,,,,,,,,,,,,,urc,pool stage,CONNACHT_BULLS_2024-11-30,-1,-1,0,-1,-1,-1,-1,-1,-1
2024-11-30,MUNSTER,LIONS,,,,,,,,,,,,,urc,pool stage,MUNSTER_LIONS_2024-11-30,-1,-1,0,-1,-1,-1,-1,-1,-1
2024-11-30,ZEBRE,OSPREYS,,,,,,,,,,,,,urc,pool stage,ZEBRE_OSPREYS_2024-11-30,-1,-1,0,-1,-1,-1,-1,-1,-1
2024-11-30,EDINBURGH,BENETTON,,,,,,,,,,,,,urc,pool stage,EDINBURGH_BENETTON_2024-11-30,-1,-1,0,-1,-1,-1,-1,-1,-1
2024-11-30,CARDIFF,DRAGONS,,,,,,,,,,,,,urc,pool stage,CARDIFF_DRAGONS_2024-11-30,-1,-1,0,-1,-1,-1,-1,-1,-1
2024-11-30,SHARKS,STORMERS,,,,,,,,,,,,,urc,pool stage,SHARKS_STORMERS_2024-11-30,-1,-1,0,-1,-1,-1,-1,-1,-1
2024-12-20,ULSTER,MUNSTER,,,,,,,,,,,,,urc,pool stage,ULSTER_MUNSTER_2024-12-20,-1,-1,0,-1,-1,-1,-1,-1,-1
2024-12-21,BENETTON,ZEBRE,,,,,,,,,,,,,urc,pool stage,BENETTON_ZEBRE_2024-12-21,-1,-1,0,-1,-1,-1,-1,-1,-1
2024-12-21,STORMERS,LIONS,,,,,,,,,,,,,urc,pool stage,STORMERS_LIONS_2024-12-21,-1,-1,0,-1,-1,-1,-1,-1,-1
2024-12-21,SHARKS,BULLS,,,,,,,,,,,,,urc,pool stage,SHARKS_BULLS_2024-12-21,-1,-1,0,-1,-1,-1,-1,-1,-1
2024-12-21,GLASGOW,EDINBURGH,,,,,,,,,,,,,urc,pool stage,GLASGOW_EDINBURGH_2024-12-21,-1,-1,0,-1,-1,-1,-1,-1,-1
2024-12-21,OSPREYS,SCARLETS,,,,,,,,,,,,,urc,pool stage,OSPREYS_SCARLETS_2024-12-21,-1,-1,0,-1,-1,-1,-1,-1,-1
2024-12-21,LEINSTER,CONNACHT,,,,,,,,,,,,,urc,pool stage,LEINSTER_CONNACHT_2024-12-21,-1,-1,0,-1,-1,-1,-1,-1,-1
2024-12-26,DRAGONS,CARDIFF,,,,,,,,,,,,,urc,pool stage,DRAGONS_CARDIFF_2024-12-26,-1,-1,0,-1,-1,-1,-1,-1,-1
2024-12-27,MUNSTER,LEINSTER,,,,,,,,,,,,,urc,pool stage,MUNSTER_LEINSTER_2024-12-27,-1,-1,0,-1,-1,-1,-1,-1,-1
2024-12-28,STORMERS,SHARKS,,,,,,,,,,,,,urc,pool stage,STORMERS_SHARKS_2024-12-28,-1,-1,0,-1,-1,-1,-1,-1,-1
2024-12-28,CONNACHT,ULSTER,,,,,,,,,,,,,urc,pool stage,CONNACHT_ULSTER_2024-12-28,-1,-1,0,-1,-1,-1,-1,-1,-1
2024-12-28,ZEBRE,BENETTON,,,,,,,,,,,,,urc,pool stage,ZEBRE_BENETTON_2024-12-28,-1,-1,0,-1,-1,-1,-1,-1,-1
2024-12-28,EDINBURGH,GLASGOW,,,,,,,,,,,,,urc,pool stage,EDINBURGH_GLASGOW_2024-12-28,-1,-1,0,-1,-1,-1,-1,-1,-1
2025-01-01,SCARLETS,DRAGONS,,,,,,,,,,,,,urc,pool stage,SCARLETS_DRAGONS_2025-01-01,-1,-1,0,-1,-1,-1,-1,-1,-1
2025-01-01,CARDIFF,OSPREYS,,,,,,,,,,,,,urc,pool stage,CARDIFF_OSPREYS_2025-01-01,-1,-1,0,-1,-1,-1,-1,-1,-1
2025-01-24,OSPREYS,BENETTON,,,,,,,,,,,,,urc,pool stage,OSPREYS_BENETTON_2025-01-24,-1,-1,0,-1,-1,-1,-1,-1,-1
2025-01-24,GLASGOW,CONNACHT,,,,,,,,,,,,,urc,pool stage,GLASGOW_CONNACHT_2025-01-24,-1,-1,0,-1,-1,-1,-1,-1,-1
2025-01-25,LIONS,BULLS,,,,,,,,,,,,,urc,pool stage,LIONS_BULLS_2025-01-25,-1,-1,0,-1,-1,-1,-1,-1,-1
2025-01-25,SCARLETS,EDINBURGH,,,,,,,,,,,,,urc,pool stage,SCARLETS_EDINBURGH_2025-01-25,-1,-1,0,-1,-1,-1,-1,-1,-1
2025-01-25,LEINSTER,STORMERS,,,,,,,,,,,,,urc,pool stage,LEINSTER_STORMERS_2025-01-25,-1,-1,0,-1,-1,-1,-1,-1,-1
2025-01-25,CARDIFF,SHARKS,,,,,,,,,,,,,urc,pool stage,CARDIFF_SHARKS_2025-01-25,-1,-1,0,-1,-1,-1,-1,-1,-1
2025-01-25,DRAGONS,MUNSTER,,,,,,,,,,,,,urc,pool stage,DRAGONS_MUNSTER_2025-01-25,-1,-1,0,-1,-1,-1,-1,-1,-1
2025-01-26,ULSTER,ZEBRE,,,,,,,,,,,,,urc,pool stage,ULSTER_ZEBRE_2025-01-26,-1,-1,0,-1,-1,-1,-1,-1,-1
2025-02-01,0,2,,,,,,,,,,,,,urc,pool stage,0_2_2025-02-01,-1,-1,0,-1,-1,-1,-1,-1,-1
2025-02-01,0,2,,,,,,,,,,,,,urc,pool stage,0_2_2025-02-01,-1,-1,0,-1,-1,-1,-1,-1,-1
2025-02-14,OSPREYS,LEINSTER,,,,,,,,,,,,,urc,pool stage,OSPREYS_LEINSTER_2025-02-14,-1,-1,0,-1,-1,-1,-1,-1,-1
2025-02-14,EDINBURGH,ZEBRE,,,,,,,,,,,,,urc,pool stage,EDINBURGH_ZEBRE_2025-02-14,-1,-1,0,-1,-1,-1,-1,-1,-1
2025-02-15,BULLS,SHARKS,,,,,,,,,,,,,urc,pool stage,BULLS_SHARKS_2025-02-15,-1,-1,0,-1,-1,-1,-1,-1,-1
2025-02-15,BENETTON,ULSTER,,,,,,,,,,,,,urc,pool stage,BENETTON_ULSTER_2025-02-15,-1,-1,0,-1,-1,-1,-1,-1,-1
2025-02-15,MUNSTER,SCARLETS,,,,,,,,,,,,,urc,pool stage,MUNSTER_SCARLETS_2025-02-15,-1,-1,0,-1,-1,-1,-1,-1,-1
2025-02-15,CONNACHT,CARDIFF,,,,,,,,,,,,,urc,pool stage,CONNACHT_CARDIFF_2025-02-15,-1,-1,0,-1,-1,-1,-1,-1,-1
2025-02-15,LIONS,STORMERS,,,,,,,,,,,,,urc,pool stage,LIONS_STORMERS_2025-02-15,-1,-1,0,-1,-1,-1,-1,-1,-1
2025-02-16,DRAGONS,GLASGOW,,,,,,,,,,,,,urc,pool stage,DRAGONS_GLASGOW_2025-02-16,-1,-1,0,-1,-1,-1,-1,-1,-1
2025-02-22,BULLS,LIONS,,,,,,,,,,,,,urc,pool stage,BULLS_LIONS_2025-02-22,-1,-1,0,-1,-1,-1,-1,-1,-1
2025-02-28,MUNSTER,EDINBURGH,,,,,,,,,,,,,urc,pool stage,MUNSTER_EDINBURGH_2025-02-28,-1,-1,0,-1,-1,-1,-1,-1,-1
2025-02-28,ZEBRE,DRAGONS,,,,,,,,,,,,,urc,pool stage,ZEBRE_DRAGONS_2025-02-28,-1,-1,0,-1,-1,-1,-1,-1,-1
2025-03-01,GLASGOW,OSPREYS,,,,,,,,,,,,,urc,pool stage,GLASGOW_OSPREYS_2025-03-01,-1,-1,0,-1,-1,-1,-1,-1,-1
2025-03-01,CONNACHT,BENETTON,,,,,,,,,,,,,urc,pool stage,CONNACHT_BENETTON_2025-03-01,-1,-1,0,-1,-1,-1,-1,-1,-1
2025-03-01,LIONS,SHARKS,,,,,,,,,,,,,urc,pool stage,LIONS_SHARKS_2025-03-01,-1,-1,0,-1,-1,-1,-1,-1,-1
2025-03-01,LEINSTER,CARDIFF,,,,,,,,,,,,,urc,pool stage,LEINSTER_CARDIFF_2025-03-01,-1,-1,0,-1,-1,-1,-1,-1,-1
2025-03-01,BULLS,STORMERS,,,,,,,,,,,,,urc,pool stage,BULLS_STORMERS_2025-03-01,-1,-1,0,-1,-1,-1,-1,-1,-1
2025-03-01,ULSTER,SCARLETS,,,,,,,,,,,,,urc,pool stage,ULSTER_SCARLETS_2025-03-01,-1,-1,0,-1,-1,-1,-1,-1,-1
2025-03-21,CARDIFF,LIONS,,,,,,,,,,,,,urc,pool stage,CARDIFF_LIONS_2025-03-21,-1,-1,0,-1,-1,-1,-1,-1,-1
2025-03-21,GLASGOW,MUNSTER,,,,,,,,,,,,,urc,pool stage,GLASGOW_MUNSTER_2025-03-21,-1,-1,0,-1,-1,-1,-1,-1,-1
2025-03-22,SHARKS,ZEBRE,,,,,,,,,,,,,urc,pool stage,SHARKS_ZEBRE_2025-03-22,-1,-1,0,-1,-1,-1,-1,-1,-1
2025-03-22,BULLS,LEINSTER,,,,,,,,,,,,,urc,pool stage,BULLS_LEINSTER_2025-03-22,-1,-1,0,-1,-1,-1,-1,-1,-1
2025-03-22,BENETTON,EDINBURGH,,,,,,,,,,,,,urc,pool stage,BENETTON_EDINBURGH_2025-03-22,-1,-1,0,-1,-1,-1,-1,-1,-1
2025-03-22,DRAGONS,ULSTER,,,,,,,,,,,,,urc,pool stage,DRAGONS_ULSTER_2025-03-22,-1,-1,0,-1,-1,-1,-1,-1,-1
2025-03-22,OSPREYS,CONNACHT,,,,,,,,,,,,,urc,pool stage,OSPREYS_CONNACHT_2025-03-22,-1,-1,0,-1,-1,-1,-1,-1,-1
2025-03-22,SCARLETS,STORMERS,,,,,,,,,,,,,urc,pool stage,SCARLETS_STORMERS_2025-03-22,-1,-1,0,-1,-1,-1,-1,-1,-1
2025-03-28,ULSTER,STORMERS,,,,,,,,,,,,,urc,pool stage,ULSTER_STORMERS_2025-03-28,-1,-1,0,-1,-1,-1,-1,-1,-1
2025-03-28,EDINBURGH,DRAGONS,,,,,,,,,,,,,urc,pool stage,EDINBURGH_DRAGONS_2025-03-28,-1,-1,0,-1,-1,-1,-1,-1,-1
2025-03-29,GLASGOW,LIONS,,,,,,,,,,,,,urc,pool stage,GLASGOW_LIONS_2025-03-29,-1,-1,0,-1,-1,-1,-1,-1,-1
2025-03-29,BENETTON,CARDIFF,,,,,,,,,,,,,urc,pool stage,BENETTON_CARDIFF_2025-03-29,-1,-1,0,-1,-1,-1,-1,-1,-1
2025-03-29,SCARLETS,OSPREYS,,,,,,,,,,,,,urc,pool stage,SCARLETS_OSPREYS_2025-03-29,-1,-1,0,-1,-1,-1,-1,-1,-1
2025-03-29,CONNACHT,MUNSTER,,,,,,,,,,,,,urc,pool stage,CONNACHT_MUNSTER_2025-03-29,-1,-1,0,-1,-1,-1,-1,-1,-1
2025-03-29,SHARKS,LEINSTER,,,,,,,,,,,,,urc,pool stage,SHARKS_LEINSTER_2025-03-29,-1,-1,0,-1,-1,-1,-1,-1,-1
2025-03-29,BULLS,ZEBRE,,,,,,,,,,,,,urc,pool stage,BULLS_ZEBRE_2025-03-29,-1,-1,0,-1,-1,-1,-1,-1,-1
2025-04-18,EDINBURGH,SHARKS,,,,,,,,,,,,,urc,pool stage,EDINBURGH_SHARKS_2025-04-18,-1,-1,0,-1,-1,-1,-1,-1,-1
2025-04-19,STORMERS,CONNACHT,,,,,,,,,,,,,urc,pool stage,STORMERS_CONNACHT_2025-04-19,-1,-1,0,-1,-1,-1,-1,-1,-1
2025-04-19,OSPREYS,CARDIFF,,,,,,,,,,,,,urc,pool stage,OSPREYS_CARDIFF_2025-04-19,-1,-1,0,-1,-1,-1,-1,-1,-1
2025-04-19,MUNSTER,BULLS,,,,,,,,,,,,,urc,pool stage,MUNSTER_BULLS_2025-04-19,-1,-1,0,-1,-1,-1,-1,-1,-1
2025-04-19,DRAGONS,SCARLETS,,,,,,,,,,,,,urc,pool stage,DRAGONS_SCARLETS_2025-04-19,-1,-1,0,-1,-1,-1,-1,-1,-1
2025-04-19,ZEBRE,GLASGOW,,,,,,,,,,,,,urc,pool stage,ZEBRE_GLASGOW_2025-04-19,-1,-1,0,-1,-1,-1,-1,-1,-1
2025-04-19,LEINSTER,ULSTER,,,,,,,,,,,,,urc,pool stage,LEINSTER_ULSTER_2025-04-19,-1,-1,0,-1,-1,-1,-1,-1,-1
2025-04-19,LIONS,BENETTON,,,,,,,,,,,,,urc,pool stage,LIONS_BENETTON_2025-04-19,-1,-1,0,-1,-1,-1,-1,-1,-1
2025-04-25,CARDIFF,MUNSTER,,,,,,,,,,,,,urc,pool stage,CARDIFF_MUNSTER_2025-04-25,-1,-1,0,-1,-1,-1,-1,-1,-1
2025-04-25,GLASGOW,BULLS,,,,,,,,,,,,,urc,pool stage,GLASGOW_BULLS_2025-04-25,-1,-1,0,-1,-1,-1,-1,-1,-1
2025-04-26,LIONS,CONNACHT,,,,,,,,,,,,,urc,pool stage,LIONS_CONNACHT_2025-04-26,-1,-1,0,-1,-1,-1,-1,-1,-1
2025-04-26,OSPREYS,DRAGONS,,,,,,,,,,,,,urc,pool stage,OSPREYS_DRAGONS_2025-04-26,-1,-1,0,-1,-1,-1,-1,-1,-1
2025-04-26,STORMERS,BENETTON,,,,,,,,,,,,,urc,pool stage,STORMERS_BENETTON_2025-04-26,-1,-1,0,-1,-1,-1,-1,-1,-1
2025-04-26,SCARLETS,LEINSTER,,,,,,,,,,,,,urc,pool stage,SCARLETS_LEINSTER_2025-04-26,-1,-1,0,-1,-1,-1,-1,-1,-1
2025-04-26,ZEBRE,EDINBURGH,,,,,,,,,,,,,urc,pool stage,ZEBRE_EDINBURGH_2025-04-26,-1,-1,0,-1,-1,-1,-1,-1,-1
2025-04-26,ULSTER,SHARKS,,,,,,,,,,,,,urc,pool stage,ULSTER_SHARKS_2025-04-26,-1,-1,0,-1,-1,-1,-1,-1,-1
2025-05-09,SHARKS,OSPREYS,,,,,,,,,,,,,urc,pool stage,SHARKS_OSPREYS_2025-05-09,-1,-1,0,-1,-1,-1,-1,-1,-1
2025-05-09,MUNSTER,ULSTER,,,,,,,,,,,,,urc,pool stage,MUNSTER_ULSTER_2025-05-09,-1,-1,0,-1,-1,-1,-1,-1,-1
2025-05-10,STORMERS,DRAGONS,,,,,,,,,,,,,urc,pool stage,STORMERS_DRAGONS_2025-05-10,-1,-1,0,-1,-1,-1,-1,-1,-1
2025-05-10,LEINSTER,ZEBRE,,,,,,,,,,,,,urc,pool stage,LEINSTER_ZEBRE_2025-05-10,-1,-1,0,-1,-1,-1,-1,-1,-1
2025-05-10,BENETTON,GLASGOW,,,,,,,,,,,,,urc,pool stage,BENETTON_GLASGOW_2025-05-10,-1,-1,0,-1,-1,-1,-1,-1,-1
2025-05-10,CONNACHT,EDINBURGH,,,,,,,,,,,,,urc,pool stage,CONNACHT_EDINBURGH_2025-05-10,-1,-1,0,-1,-1,-1,-1,-1,-1
2025-05-10,BULLS,CARDIFF,,,,,,,,,,,,,urc,pool stage,BULLS_CARDIFF_2025-05-10,-1,-1,0,-1,-1,-1,-1,-1,-1
2025-05-11,LIONS,SCARLETS,,,,,,,,,,,,,urc,pool stage,LIONS_SCARLETS_2025-05-11,-1,-1,0,-1,-1,-1,-1,-1,-1
2025-05-16,STORMERS,CARDIFF,,,,,,,,,,,,,urc,pool stage,STORMERS_CARDIFF_2025-05-16,-1,-1,0,-1,-1,-1,-1,-1,-1
2025-05-16,EDINBURGH,ULSTER,,,,,,,,,,,,,urc,pool stage,EDINBURGH_ULSTER_2025-05-16,-1,-1,0,-1,-1,-1,-1,-1,-1
2025-05-16,MUNSTER,BENETTON,,,,,,,,,,,,,urc,pool stage,MUNSTER_BENETTON_2025-05-16,-1,-1,0,-1,-1,-1,-1,-1,-1
2025-05-17,LEINSTER,GLASGOW,,,,,,,,,,,,,urc,pool stage,LEINSTER_GLASGOW_2025-05-17,-1,-1,0,-1,-1,-1,-1,-1,-1
2025-05-17,BULLS,DRAGONS,,,,,,,,,,,,,urc,pool stage,BULLS_DRAGONS_2025-05-17,-1,-1,0,-1,-1,-1,-1,-1,-1
2025-05-17,LIONS,OSPREYS,,,,,,,,,,,,,urc,pool stage,LIONS_OSPREYS_2025-05-17,-1,-1,0,-1,-1,-1,-1,-1,-1
2025-05-17,ZEBRE,CONNACHT,,,,,,,,,,,,,urc,pool stage,ZEBRE_CONNACHT_2025-05-17,-1,-1,0,-1,-1,-1,-1,-1,-1
2025-05-17,SHARKS,SCARLETS,,,,,,,,,,,,,urc,pool stage,SHARKS_SCARLETS_2025-05-17,-1,-1,0,-1,-1,-1,-1,-1,-1
